player2_name,player1_name,round,day,both_left_handed,both_right_handed,h2h_matches,h2h_win_rate,mixed_handed,month,month_cos,month_sin,p1_age,p1_avg_1st_serve_pct,p1_avg_1st_serve_win_pct,p1_avg_ace_rate,p1_avg_df_rate,p1_career_win_rate,p1_experience,p1_ht,p1_is_lefty,p1_rank_points,p1_recent_form,p1_surface_win_rate,p2_age,p2_avg_1st_serve_pct,p2_avg_1st_serve_win_pct,p2_avg_ace_rate,p2_avg_df_rate,p2_career_win_rate,p2_experience,p2_ht,p2_is_lefty,p2_rank_points,p2_recent_form,p2_surface_win_rate,quarter,surface_clay,surface_grass,surface_hard,tourney_importance,winner,split
Carlos Alcaraz,Fabio Fognini,1,1,0.0,1.0,0.3023285778117056,-2.0085656854780534,0.0,-4.251429162798826e-05,-1.2643504006516997,-0.010423097359022127,2.8824369483835928,-0.5092249874635325,-1.5430269562331103,-0.2172988381851768,1.4314484417466813,0.15612645009519033,2.9706434287740464,-1.0266411002228306,0.0,-0.24658876055307147,-0.2127310558070173,0.1622424595014717,-1.0195378530044328,0.3688092115622119,2.1418235640945915,0.8660811722939018,-1.3838218559821422,1.715922097158725,-0.559513137172603,-0.21688456070609224,0.0,5.079366963968459,1.152191017471198,2.0006201756479705,-0.3633580869809898,0.0,1.0,0.0,2.0738783426779124,2,test
Joao Fonseca,Jacob Fearnley,1,1,0.0,1.0,-0.4909102765657721,-0.15148323359866034,0.0,-4.251429162798826e-05,-1.2643504006516997,-0.010423097359022127,-0.6058384680792737,0.5393018076368249,2.6169389221016046,1.6579956863193879,0.0294451950890996,-0.5529181153589819,-1.6337146707535364,-0.22819683608750754,0.0,-0.381439828862157,-0.44045842889885156,-0.7732774024804286,-1.8823056448276705,1.4919351696976004,0.7137022693889276,0.27463202594845393,-1.7715003435483132,0.6135300630556825,-1.3012217932506227,0.10241055720758814,0.0,-0.5637488831256072,0.4683219967835028,-2.4372295575901064,-0.3633580869809898,0.0,1.0,0.0,2.0738783426779124,2,test
Daniil Medvedev,Benjamin Bonzi,1,1,0.0,1.0,-0.09429084937703326,1.7055992182807327,0.0,-4.251429162798826e-05,-1.2643504006516997,-0.010423097359022127,0.6715581633014942,0.20984563471200673,1.1479059582569806,1.1834416523992954,-0.8880047133955526,-0.3545062292512904,0.10351246495779112,-0.22819683608750754,0.0,-0.48021608908855723,-0.44045842889885156,0.05829580817014929,0.7552987473176563,-0.266259166923374,1.6547366467955178,0.8835095395226622,0.870743319369506,1.2532869597183864,0.3664416181859439,2.1778288236465104,0.0,3.2255404801431022,0.24036565655427136,0.9401046143962244,-0.3633580869809898,0.0,1.0,0.0,2.0738783426779124,1,test
Nicolas Jarry,Holger Rune,1,1,0.0,1.0,-0.09429084937703326,1.7055992182807327,0.0,-4.251429162798826e-05,-1.2643504006516997,-0.010423097359022127,-1.0234489052614477,0.3494967615371218,2.09161108857809,1.8894776029913802,-0.5425209205141494,0.7743723137834553,-0.10699937920699638,0.5702474280478155,0.0,1.6945794838961852,0.925905809652154,0.4985404491028082,0.6566967139664295,0.1949622583513852,2.757319819770206,1.2560475580230965,-0.7762617642809011,0.08051384446129957,1.0251382954672423,2.6567715005170314,0.0,0.6573955346602696,-0.6714597043626558,-0.21830469097106814,-0.3633580869809898,0.0,1.0,0.0,2.0738783426779124,2,test
Kamil Majchrzak,Matteo Berrettini,1,1,0.0,1.0,-0.4909102765657721,-0.15148323359866034,0.0,-4.251429162798826e-05,-1.2643504006516997,-0.010423097359022127,0.720688802969986,0.8737048986192811,2.408034779360284,2.2646756041142537,-1.5091563777896297,0.930861045225681,0.11292833019199874,1.8477582506643322,0.0,0.2988279806970516,0.69817843656032,1.517471441953239,0.582745188953009,-0.054819472403031054,1.6805556817454057,1.2683452930535255,-1.196657458965824,-0.3410482785873465,0.6613703558620984,-0.6958272375766128,0.0,-0.8605311963618684,0.012409316325039459,-1.0107778576207247,-0.3633580869809898,0.0,1.0,0.0,2.0738783426779124,2,test
Frances Tiafoe,Elmer Moller,1,1,0.0,1.0,-0.4909102765657721,-0.15148323359866034,0.0,-4.251429162798826e-05,-1.2643504006516997,-0.010423097359022127,-1.2691021036039032,-1.051117179289552,-0.14346658363985282,-1.8852532333551557,-1.1433725290326113,1.0049826200051144,-1.1992397463750937,-0.22819683608750754,0.0,-0.7696734777520083,0.7740875609242645,0.8898690188207269,0.26228858056152043,-0.681234897266926,-0.11828727983544578,1.3476203036157273,0.7021477282176155,0.16072253504785783,0.8105219600415733,0.5813532340781087,0.0,1.3164393534513938,0.6962783370127347,0.36348658503270453,-0.3633580869809898,0.0,1.0,0.0,2.0738783426779124,2,test
Stefanos Tsitsipas,Valentin Royer,1,1,0.0,1.0,-0.4909102765657721,-0.15148323359866034,0.0,-4.251429162798826e-05,-1.2643504006516997,-0.010423097359022127,-0.1636627110628538,-0.5357768364765243,-1.3725082181566022,-0.35833444421609045,-0.40241152042480394,0.031294660402554186,-1.8832350994600413,0.09118086956662165,0.0,-0.8864871420197512,0.014996317284816957,0.05829580817014929,-0.058168027829968084,-0.37487751165209354,2.239523607559254,1.8435586926132237,0.04916635470338616,1.0677069686683696,0.1821955189054166,1.3795910288623097,0.0,1.6906061667005483,0.24036565655427136,0.3790981577340577,-0.3633580869809898,0.0,1.0,0.0,2.0738783426779124,1,test
Karen Khachanov,Mackenzie McDonald,1,1,0.0,1.0,-0.4909102765657721,-0.15148323359866034,0.0,-4.251429162798826e-05,-1.2643504006516997,-0.010423097359022127,-0.1636627110628538,-0.5357768364765243,-1.3725082181566022,-0.35833444421609045,-0.40241152042480394,0.031294660402554186,-1.8832350994600413,0.09118086956662165,0.0,-0.8864871420197512,0.014996317284816957,0.05829580817014929,0.6813472223042357,0.7506615169264359,2.1289609795954787,1.2970795976463678,-1.3258741396200155,0.509066385478933,1.023113613057566,2.1778288236465104,0.0,1.0103028698839038,0.9242346772419661,0.6351279500362547,-0.3633580869809898,0.0,1.0,0.0,2.0738783426779124,2,test
Roberto Bautista Agut,Cameron Norrie,1,1,0.0,0.0,0.6989480050004444,1.7055992182807327,1.0,-4.251429162798826e-05,-1.2643504006516997,-0.010423097359022127,0.8680807219754587,1.4158786447700729,1.2689714884243137,1.0589670544119294,-1.0899915787884038,0.4554491414349023,0.08938866710647947,0.5702474280478155,1.0,-0.06020225212586407,0.014996317284816957,0.24083626904466654,2.6533878893287794,0.5887560821370553,1.3810703918254879,0.8237463466129467,-0.280568239565674,0.6658022163610589,1.9774139221515794,-0.21688456070609224,0.0,-0.16662183360889102,0.4683219967835028,0.9787468818102555,-0.3633580869809898,0.0,1.0,0.0,2.0738783426779124,1,test
Leandro Riedi,Oliver Tarvet,1,1,0.0,1.0,-0.4909102765657721,-0.15148323359866034,0.0,-4.251429162798826e-05,-1.2643504006516997,-0.010423097359022127,-0.1636627110628538,-0.5357768364765243,-1.3725082181566022,-0.35833444421609045,-0.40241152042480394,0.031294660402554186,-1.8832350994600413,0.09118086956662165,0.0,-0.8864871420197512,0.014996317284816957,0.05829580817014929,-0.8962853113153988,-0.9618798807230332,-0.7302903220293455,0.39649780494121684,1.8986059407352032,-1.298619028824867,-0.9091082999100135,1.0602959109486292,0.0,-0.582457223788065,-1.0237558665351048,-1.0756165712556967,-0.3633580869809898,0.0,1.0,0.0,2.0738783426779124,1,test
Henry Searle,Ethan Quinn,1,1,0.0,0.0,-0.4909102765657721,-0.15148323359866034,1.0,-4.251429162798826e-05,-1.2643504006516997,-0.010423097359022127,-1.318232743272394,-0.019036008354989357,0.9343753581802273,1.115917350547221,-1.1171848707597152,-1.4292372790012864,-1.4030259725154468,1.0493139865290093,0.0,-0.6932292415767942,-1.1236405481743545,0.05829580817014929,-1.8330046281520571,-0.7018787005749841,-0.5806655130224693,0.30240787157387,1.9506852874217424,-2.8920766053919915,-1.6319199201643892,1.3795910288623097,1.0,-0.8197129985528697,-2.2671540859672774,-2.4372295575901064,-0.3633580869809898,0.0,1.0,0.0,2.0738783426779124,1,test
Christopher O'Connell,Adrian Mannarino,1,1,0.0,0.0,-0.4909102765657721,-0.15148323359866034,1.0,-4.251429162798826e-05,-1.2643504006516997,-0.010423097359022127,2.415695871532928,-0.502658467510669,1.376018731071526,1.1392544810644782,-0.811490435104305,-0.14901792470903122,2.316913356799052,-0.7072633945687014,1.0,0.7626469417601484,-0.44045842889885156,0.45002864293942957,-0.1567700611811949,-0.5329764970595686,-1.3715843627118531,-0.3571606293678053,-0.40476551236036684,0.02926228498107026,-1.8823056448276698,0.10241055720758814,0.0,-0.8817906743873885,0.012409316325039459,0.05906091735631179,-0.3633580869809898,0.0,1.0,0.0,2.0738783426779124,1,test
Roman Safiullin,Luciano Darderi,1,1,0.0,1.0,-0.4909102765657721,-0.15148323359866034,0.0,-4.251429162798826e-05,-1.2643504006516997,-0.010423097359022127,-0.7286650672505014,-0.8069852010288695,-0.8458885632671164,0.27623744399566436,-0.10189972251101828,-0.07689289066439745,-1.2947435223220578,-0.22819683608750754,0.0,0.18545001243718345,-1.1236405481743545,-0.4406481182201973,0.38554112225055437,0.23746657153844913,1.676665398365229,1.1961550012978721,-0.31158897712353406,-0.16185334336109267,0.016846455448533283,0.10241055720758814,0.0,-0.1181502237107051,0.012409316325039459,0.25108326158295924,-0.3633580869809898,0.0,1.0,0.0,2.0738783426779124,1,test
Nishesh Basavareddy,Learner Tien,1,1,0.0,0.0,-0.4909102765657721,-0.15148323359866034,1.0,-4.251429162798826e-05,-1.2643504006516997,-0.010423097359022127,-1.6375819011175863,0.8747729046709409,-1.0644574596670022,0.6746750885389005,-0.5961937770127582,0.031294660402554186,-1.1864610721286688,-0.7072633945687014,1.0,-0.4630376090491833,0.014996317284816957,0.05829580817014929,-1.4878975114227615,-0.7037075070342889,-0.5973687079074601,-0.3428499338803231,0.621330170902033,-0.9445173451432838,-1.7513761823352807,-0.6958272375766128,0.0,-0.507623861138234,-0.747445151105733,-0.7730359076258277,-0.3633580869809898,0.0,1.0,0.0,2.0738783426779124,1,test
Lloyd Harris,Zizou Bergs,1,1,0.0,1.0,-0.09429084937703326,-2.0085656854780534,0.0,-4.251429162798826e-05,-1.2643504006516997,-0.010423097359022127,-0.2619239903998356,-0.005620760756027475,1.5406883110685252,0.8943463374997821,-0.5902106670996676,-0.6502869113192382,-0.7297916082695936,0.09118086956662165,0.0,-0.4578840650373711,0.69817843656032,-1.1890640078057175,0.41019163058836156,0.38951175015017525,1.3063972987093386,1.5551826447886945,0.08586090695370659,-0.0816746349065143,0.4157088901547296,1.3795910288623097,0.0,-0.42173556991513267,-0.6714597043626558,-0.21830469097106814,-0.3633580869809898,0.0,1.0,0.0,2.0738783426779124,2,test
Filip Misolic,Jan-Lennard Struff,1,1,0.0,1.0,-0.4909102765657721,-0.15148323359866034,0.0,-4.251429162798826e-05,-1.2643504006516997,-0.010423097359022127,-0.1636627110628538,-0.5357768364765243,-1.3725082181566022,-0.35833444421609045,-0.40241152042480394,0.031294660402554186,-1.8832350994600413,0.09118086956662165,0.0,-0.8864871420197512,0.014996317284816957,0.05829580817014929,-0.6744307362751379,-0.7662534033096253,-1.5091100475987653,-0.7596479615839146,0.3626098309176363,0.02926228498107026,-1.159494024573294,-0.6958272375766128,0.0,-0.6623928611640206,0.012409316325039459,0.05906091735631179,-0.3633580869809898,0.0,1.0,0.0,2.0738783426779124,1,test
Daniel Altmaier,Gabriel Diallo,1,1,0.0,1.0,-0.09429084937703326,-2.0085656854780534,0.0,-4.251429162798826e-05,-1.2643504006516997,-0.010423097359022127,-0.8269263465874832,1.3791975673755237,1.094432966756824,1.5269677274345999,-0.6511880422177765,-0.4180997824909352,-1.1992397463750937,2.9655802204537847,0.0,-0.4587429890393398,0.014996317284816957,-2.4364238237815843,0.11438553053468017,-0.23827675556866915,-0.7153030619676793,0.18621561614339896,-0.22915037841381994,-0.8218364468599005,0.11605589352266318,0.5813532340781087,0.0,-0.3375480369340729,-0.44350336413342384,-0.6541649326283794,-0.3633580869809898,0.0,1.0,0.0,2.0738783426779124,1,test
Alejandro Davidovich Fokina,Brandon Holt,1,1,0.0,1.0,-0.4909102765657721,-0.15148323359866034,0.0,-4.251429162798826e-05,-1.2643504006516997,-0.010423097359022127,0.15568644678233842,0.526259737612284,-1.3255749575800373,0.6442032424266249,-1.7441929458977232,-1.5915186056017132,-1.1864610721286688,0.09118086956662165,0.0,-0.6674615215177333,-1.250155755447596,-1.3276595429141471,-0.08281853616777436,0.43154617258637606,-0.42454566396582044,0.7258190644467171,-0.019282937202233473,-0.008351520474377322,-0.34692148415661006,-0.21688456070609224,0.0,-0.15046463030949572,-0.2155470239041922,-0.5650117013802928,-0.3633580869809898,0.0,1.0,0.0,2.0738783426779124,2,test
Jordan Thompson,Vit Kopriva,1,1,0.0,1.0,-0.4909102765657721,-0.15148323359866034,0.0,-4.251429162798826e-05,-1.2643504006516997,-0.010423097359022127,0.2293824062850752,0.056484224588946384,1.661702876431727,0.47843255522859257,-0.5108243713054837,-0.9423932992000063,-0.9134009803366445,-1.0266411002228306,0.0,-0.4175146369448423,-0.7440949263546308,-2.4364238237815843,1.1497068807225654,-0.4767192950441519,-0.6433523023103638,0.5336244720207308,1.0449205353230606,-0.15514116657071758,0.9428012108070801,-0.21688456070609224,0.0,0.449903029131193,0.4683219967835028,0.142270599854526,-0.3633580869809898,0.0,1.0,0.0,2.0738783426779124,2,test
Chris Rodesch,Cristian Garin,1,1,0.0,1.0,-0.4909102765657721,-0.15148323359866034,0.0,-4.251429162798826e-05,-1.2643504006516997,-0.010423097359022127,0.6224275236330034,0.43454759801336945,-0.32401346642826656,-0.6467117130015477,0.30111682352398395,0.1360340026705586,1.2589736415555683,0.09118086956662165,0.0,-0.4501537490196528,0.014996317284816957,-0.07300522509046867,-0.6251297195995237,0.5235056972402299,-1.2937257413641254,-0.7515731227054576,-0.9481518283021215,0.44659641217722174,-1.2904234870656832,2.1778288236465104,0.0,-0.8163114820687865,0.33806123093822743,0.4156738423486571,-0.3633580869809898,0.0,1.0,0.0,2.0738783426779124,1,test
James Duckworth,Felix Auger-Aliassime,1,1,0.0,1.0,-0.4909102765657721,-0.15148323359866034,0.0,-4.251429162798826e-05,-1.2643504006516997,-0.010423097359022127,-0.1636627110628538,-0.5357768364765243,-1.3725082181566022,-0.35833444421609045,-0.40241152042480394,0.031294660402554186,-1.8832350994600413,0.09118086956662165,0.0,-0.8864871420197512,0.014996317284816957,0.05829580817014929,1.741319080829929,-0.44057504343043186,0.027768184143643213,1.117320169150788,0.153292681508515,-0.6968508496203271,1.4442475542702,-0.21688456070609224,0.0,-0.2601635369211796,-0.6714597043626558,-0.5434919559066169,-0.3633580869809898,0.0,1.0,0.0,2.0738783426779124,1,test
Tallon Griekspoor,Jenson Brooksby,1,1,0.0,1.0,-0.4909102765657721,-0.15148323359866034,0.0,-4.251429162798826e-05,-1.2643504006516997,-0.010423097359022127,-0.8514916664217291,0.21034865461437985,-2.5309151232670204,-0.5982895039170862,-0.23703950847311564,0.5119760581810333,-0.2025031551539605,0.5702474280478155,0.0,-0.01897390003136658,0.24272369037665145,0.4740824134954384,0.45949264726397493,1.0760771706647192,3.407345061299853,3.6721095020500063,-0.6687563723022333,-0.0014886507070676512,0.1821955189054166,0.5813532340781087,0.0,0.3257476774621554,0.24036565655427136,0.521336931235278,-0.3633580869809898,0.0,1.0,0.0,2.0738783426779124,1,test
Arthur Fery,Alexei Popyrin,1,1,0.0,1.0,-0.4909102765657721,-0.15148323359866034,0.0,-4.251429162798826e-05,-1.2643504006516997,-0.010423097359022127,-0.1636627110628538,0.044764523136193814,-0.8875455363214706,0.854953540088214,1.4984983255202222,-0.22394393094957316,-0.047141378789532784,1.8477582506643322,0.0,0.681049161573122,0.69817843656032,-0.9395920446105441,-0.9209358196532059,0.009890790348281596,-2.7341700642092217,-1.0993022811840307,-1.9469493418424502,-2.8920766053919915,-1.390982713412931,-1.4940650323608138,0.0,-0.6751485479793328,-2.2671540859672774,-2.4372295575901064,-0.3633580869809898,0.0,1.0,0.0,2.0738783426779124,2,test
Dusan Lajovic,Billy Harris,1,1,0.0,1.0,-0.4909102765657721,-0.15148323359866034,0.0,-4.251429162798826e-05,-1.2643504006516997,-0.010423097359022127,0.9663420013124414,0.48044820747817546,2.6084594260595284,1.3731814559133988,-1.572549553205691,0.22603225232306623,-1.4783528943891087,1.3686916921831385,0.0,-0.41236109293303014,0.16681456601270644,0.5572397345604959,2.0864261975592235,0.9909678808853649,-1.676265236996749,-0.9960632484037067,-1.1852556813073547,-0.31776501301141014,1.8545831892978937,-0.21688456070609224,0.0,-0.19213320723951519,-0.2155470239041922,-1.1890843201168975,-0.3633580869809898,0.0,1.0,0.0,2.0738783426779124,1,test
Oliver Crawford,Mattia Bellucci,1,1,0.0,0.0,-0.4909102765657721,-0.15148323359866034,1.0,-4.251429162798826e-05,-1.2643504006516997,-0.010423097359022127,-0.5812731482450277,0.9141439148695424,1.9450200732596523,2.5487288747482255,-1.095354301026689,-0.5529181153589819,-1.2806197244707465,-1.5057076587040243,1.0,-0.39346476488971877,-0.44045842889885156,-2.4364238237815843,-0.1567700611811949,-0.5329764970595686,-1.3715843627118531,-0.3571606293678053,-0.40476551236036684,0.02926228498107026,-1.8823056448276698,0.10241055720758814,0.0,-0.8817906743873885,0.012409316325039459,0.05906091735631179,-0.3633580869809898,0.0,1.0,0.0,2.0738783426779124,1,test
Laslo Djere,Andrey Rublev,1,1,0.0,1.0,1.0955674321891833,1.7055992182807327,0.0,-4.251429162798826e-05,-1.2643504006516997,-0.010423097359022127,0.32764368562205703,-0.06163894882754833,-0.12553933901260622,1.1588110537475456,-0.11861070334315568,0.8891118839295697,0.769348649376767,0.5702474280478155,0.0,2.343067105382552,0.014996317284816957,0.8325191422241354,0.73064823897985,0.1899040395876271,-1.0731192740549982,0.03611262955320845,-0.5094394047583956,-0.040530794311118994,1.0183893541016553,0.5813532340781087,0.0,0.15141995765289026,-0.44350336413342384,-0.7730359076258277,-0.3633580869809898,0.0,1.0,0.0,2.0738783426779124,1,test
Hugo Dellien,Jiri Lehecka,1,1,0.0,1.0,-0.4909102765657721,-0.15148323359866034,0.0,-4.251429162798826e-05,-1.2643504006516997,-0.010423097359022127,-0.8514916664217291,-0.23327710089164597,3.048871581422061,1.4319758823245408,0.009571582869916563,0.2747166503031941,-0.30876791994001923,0.09118086956662165,0.0,0.18287324043127737,0.24272369037665145,0.05829580817014929,1.3715614557628262,0.870900832374892,-1.9394393852989618,-1.2956251550108544,0.09130169907814535,-0.7457868083832113,1.8093652821484607,-0.6958272375766128,0.0,-0.43194011936738236,-0.8994160445918874,-2.4372295575901064,-0.3633580869809898,0.0,1.0,0.0,2.0738783426779124,1,test
Nuno Borges,Francisco Cerundolo,1,1,0.0,1.0,-0.09429084937703326,1.7055992182807327,0.0,-4.251429162798826e-05,-1.2643504006516997,-0.010423097359022127,-0.06540143172587197,-0.23403546484486665,-1.1234892324131238,-0.4908652015552725,0.2839742903798325,0.21578290537988135,-0.31549353796445323,0.09118086956662165,0.0,0.5908621413664088,0.24272369037665145,-0.10801883395996624,0.3115895972371338,-0.6502790360209232,-1.549098687247169,-0.6134454134782885,0.9079769262495954,-0.33180207225604996,-0.8524171924390822,0.10241055720758814,0.0,-0.028010036882499714,0.24036565655427136,-2.4372295575901064,-0.3633580869809898,0.0,1.0,0.0,2.0738783426779124,2,test
Alexander Zverev,Arthur Rinderknech,1,2,0.0,1.0,-0.4909102765657721,-0.15148323359866034,0.0,-4.251429162798826e-05,-1.2643504006516997,-0.010423097359022127,0.8435154021412137,-0.5273710280774538,0.09587231685936816,0.9986682396143713,0.46299911991433945,-0.13615486131253576,-0.7156678104182822,1.8477582506643322,0.0,-0.13492864029714077,0.24272369037665145,-0.5982093581329385,0.45949264726397493,1.4557390139259516,2.625285516957453,2.403558616169883,-1.0152751609831914,1.1969165925962455,1.0656319436607649,2.1778288236465104,0.0,5.338732595879804,1.152191017471198,0.8629510703051585,-0.3633580869809898,0.0,1.0,0.0,2.0738783426779124,1,test
Novak Djokovic,Alexandre Muller,1,2,0.0,1.0,-0.09429084937703326,-2.0085656854780534,0.0,-4.251429162798826e-05,-1.2643504006516997,-0.010423097359022127,0.4996009244617756,-0.3079340751059973,-1.3552582684630772,-0.3728652696519123,0.27817384068066914,-0.499807863017024,0.10351246495779112,-0.22819683608750754,0.0,-0.20793718046448006,-0.2127310558070173,0.05829580817014929,2.87524246436904,0.26072976345985066,1.544532085880438,0.37638068730369856,-0.5728032989159646,1.9903958760972487,3.3494737017754317,0.5813532340781087,0.0,3.846317238488291,1.6081036979296612,1.8471838816796329,-0.3633580869809898,0.0,1.0,0.0,2.0738783426779124,2,test
Luca Nardi,Jannik Sinner,1,2,0.0,1.0,-0.4909102765657721,-0.15148323359866034,0.0,-4.251429162798826e-05,-1.2643504006516997,-0.010423097359022127,-0.6058384680792737,0.3422952867610182,2.4305080744996257,2.28275835032474,-1.7272589361990527,1.545613895025233,-0.362572864135492,1.0493139865290093,0.0,9.274583801269943,2.0645426751113254,1.0561836609508424,-1.1181398863556595,0.10969457843551764,-1.0726480330688226,-0.7847849476194455,0.8957424774974672,-1.5727622678041573,-0.7248622006294863,0.10241055720758814,0.0,-0.3298946248448857,-1.127372384821119,-1.1890843201168975,-0.3633580869809898,0.0,1.0,0.0,2.0738783426779124,1,test
Giovanni Mpetshi Perricard,Taylor Fritz,1,2,0.0,1.0,-0.4909102765657721,-0.15148323359866034,0.0,-4.251429162798826e-05,-1.2643504006516997,-0.010423097359022127,0.13112112694809253,0.22489038656099572,2.505094665794713,2.3770285633027965,-1.3445459206239814,0.6081434095788608,0.5796862210877255,1.8477582506643322,0.0,1.8577750442702379,0.69817843656032,0.5037814567329589,-1.0688388696800462,0.3796104323253533,3.2006148788416735,5.256705099041304,0.5711517197456389,0.37294921326025404,-1.3673614186333762,2.9760666184307114,0.0,0.4099352104432151,0.24036565655427136,0.05906091735631179,-0.3633580869809898,0.0,1.0,0.0,2.0738783426779124,1,test
Sebastian Baez,Jack Draper,1,2,0.0,0.0,0.3023285778117056,1.7055992182807327,1.0,-4.251429162798826e-05,-1.2643504006516997,-0.010423097359022127,-0.7286650672505014,-0.3754825057025743,-1.0819357710123498,0.47678095562383765,0.6600918502686457,0.660446880453439,-0.8333661258458788,1.3686916921831385,1.0,1.1019219225377839,1.1536331827439885,0.9654665834253249,-0.6497802279373308,0.4151950914233481,1.3059152478306353,0.8356391558796892,0.19394309924769593,0.0782232719705627,-0.8193473797477054,-2.2923028271450145,0.0,0.41503748516933997,-0.2155470239041922,-0.9394552726222556,-0.3633580869809898,0.0,1.0,0.0,2.0738783426779124,1,test
Lorenzo Musetti,Nikoloz Basilashvili,1,2,0.0,1.0,0.3023285778117056,-0.15148323359866034,0.0,-4.251429162798826e-05,-1.2643504006516997,-0.010423097359022127,1.3102564789918787,-0.7538392510140903,-0.7626400718427433,0.003614819133951707,2.4867587480532043,-0.2075344617641115,0.8661975489286176,0.09118086956662165,0.0,-0.47334469707280763,-1.1236405481743545,-0.168496885643645,-0.7237317529507513,-0.23607101113064657,-0.994777090890789,-0.06471567959332865,-0.1002794662479936,0.30351042570996994,-0.5642373961285139,0.10241055720758814,0.0,1.3291950402667059,0.24036565655427136,0.772286767341003,-0.3633580869809898,0.0,1.0,0.0,2.0738783426779124,1,test
Alex Bolt,Ben Shelton,1,2,1.0,0.0,-0.4909102765657721,-0.15148323359866034,0.0,-4.251429162798826e-05,-1.2643504006516997,-0.010423097359022127,-0.8760569862559741,0.6101043369479419,1.2924107146349164,1.2776975455076187,0.10832126030268471,0.435018936335323,-1.1629214090431497,1.3686916921831385,1.0,1.1148057825673143,0.69817843656032,-0.1336057019799842,1.4455129807762468,-0.17692855058798815,1.636130284689027,2.0101793148018596,-0.13018233950553915,-0.8227948913777393,0.6573209910427467,-0.21688456070609224,1.0,-0.6334799710493133,-0.44350336413342384,-0.9010508037769259,-0.3633580869809898,0.0,1.0,0.0,2.0738783426779124,1,test
Tommy Paul,Johannus Monday,1,2,0.0,1.0,-0.4909102765657721,-0.15148323359866034,0.0,-4.251429162798826e-05,-1.2643504006516997,-0.010423097359022127,-0.1636627110628538,-0.5357768364765243,-1.3725082181566022,-0.35833444421609045,-0.40241152042480394,0.031294660402554186,-1.8832350994600413,0.09118086956662165,0.0,-0.8864871420197512,0.014996317284816957,0.05829580817014929,0.4348421389261678,-0.1244611661826467,-1.2295549828017363,-0.6270926296674512,-0.4358319984232095,0.5356276926457343,0.541239199554649,0.10241055720758814,0.0,1.8224149304587731,0.4683219967835028,0.891157742338451,-0.3633580869809898,0.0,1.0,0.0,2.0738783426779124,2,test
Yoshihito Nishioka,Grigor Dimitrov,1,2,0.0,0.0,0.6989480050004444,1.7055992182807327,1.0,-4.251429162798826e-05,-1.2643504006516997,-0.010423097359022127,1.8998241550137713,-0.1116294616980837,2.6228097873826854,1.9699118403154594,1.009563741268067,0.6958753312423968,2.3027895589477407,1.0493139865290093,0.0,2.325888625343178,0.925905809652154,0.49487174376170273,0.6566967139664295,0.3789670198570468,0.910126047596794,1.0679719594095285,-1.1908004732760225,-0.14499301725170907,0.7916249242179297,-2.2923028271450145,1.0,-0.2907771852779286,0.6962783370127347,-1.1058746376186837,-0.3633580869809898,0.0,1.0,0.0,2.0738783426779124,1,test
Botic van De Zandschulp,Matteo Arnaldi,1,2,0.0,1.0,-0.4909102765657721,-0.15148323359866034,0.0,-4.251429162798826e-05,-1.2643504006516997,-0.010423097359022127,-0.5321425085765369,-0.7356555828896201,0.9022939369336175,0.2443966438302889,-0.4385343015042353,0.1582974377420185,-1.111134150255007,0.09118086956662165,0.0,0.30741722071673855,-0.2127310558070173,-1.1890640078057175,-0.1567700611811949,-0.5329764970595686,-1.3715843627118531,-0.3571606293678053,-0.40476551236036684,0.02926228498107026,-1.8823056448276698,0.10241055720758814,0.0,-0.8817906743873885,0.012409316325039459,0.05906091735631179,-0.3633580869809898,0.0,1.0,0.0,2.0738783426779124,2,test
Jay Clarke,Daniel Evans,1,2,0.0,1.0,-0.4909102765657721,-0.15148323359866034,0.0,-4.251429162798826e-05,-1.2643504006516997,-0.010423097359022127,2.0963467136877365,-1.123255353172098,-1.0709626405531403,-0.45382033431864627,0.8148254017671585,-0.18669518129951154,2.306824929762401,-1.5057076587040243,0.0,-0.5996065253622062,-1.1236405481743545,-0.4406481182201973,-0.42792565289707,-2.047977499347526,-0.7568026875473315,-0.1566748080066494,1.589829903787292,-1.993203100661819,-0.14850260800835002,-0.21688456070609224,0.0,-0.5748038116988777,-1.5657499621850264,-1.6051327326079676,-0.3633580869809898,0.0,1.0,0.0,2.0738783426779124,1,test
Ugo Humbert,Gael Monfils,1,2,0.0,0.0,1.492186859377922,-0.5228997239745389,1.0,-4.251429162798826e-05,-1.2643504006516997,-0.010423097359022127,3.0543941872233122,-0.445648933618625,1.715395031538206,1.3122761085359804,0.45861612532027607,0.7543302739688119,3.20604005962924,1.3686916921831385,0.0,-0.01897390003136658,0.4704510634684855,0.4325037529629091,0.13903603887248644,-0.28563510543999704,-0.41368279442077466,0.45638961089209207,0.03358506892206679,0.19096000954046458,-0.19574519756745964,0.5813532340781087,1.0,1.1336078424319207,0.6962783370127347,0.33642652568369175,-0.3633580869809898,0.0,1.0,0.0,2.0738783426779124,1,test
Roberto Carballes Baena,Alex de Minaur,1,2,0.0,1.0,-0.4909102765657721,-0.15148323359866034,0.0,-4.251429162798826e-05,-1.2643504006516997,-0.010423097359022127,-0.1636627110628538,-0.5357768364765243,-1.3725082181566022,-0.35833444421609045,-0.40241152042480394,0.031294660402554186,-1.8832350994600413,0.09118086956662165,0.0,-0.8864871420197512,0.014996317284816957,0.05829580817014929,1.4701634891140538,-0.06442182421440065,-1.150758432234258,-0.24645922774291168,-0.20553470543855046,-0.2904314049088122,1.1223230511316964,-0.21688456070609224,0.0,-0.04756875666597824,-0.2155470239041922,-1.2625046282035568,-0.3633580869809898,0.0,1.0,0.0,2.0738783426779124,1,test
Jakub Mensik,Hugo Gaston,1,2,0.0,0.0,-0.4909102765657721,-0.15148323359866034,1.0,-4.251429162798826e-05,-1.2643504006516997,-0.010423097359022127,-0.3847505895710633,-0.3559326625769438,0.4046128483597017,-0.05174173980568511,-1.4330714448234843,-0.4555493193987259,-0.07538897449215608,-1.8250853643581535,1.0,-0.27493325261803847,0.014996317284816957,0.05829580817014929,-1.7837036114764437,0.5901376888883615,1.8552621016700055,1.820795253699066,0.11254164935669128,0.44659641217722174,-1.4287767850602184,1.3795910288623097,0.0,-0.45149883915086086,0.24036565655427136,-0.7730359076258277,-0.3633580869809898,0.0,1.0,0.0,2.0738783426779124,2,test
Miomir Kecmanovic,Alex Michelsen,1,2,0.0,1.0,-0.4909102765657721,-0.15148323359866034,0.0,-4.251429162798826e-05,-1.2643504006516997,-0.010423097359022127,-1.318232743272394,1.1395600041440979,1.122478842148929,0.8445605001809195,-0.34065882508588546,0.1422211368129724,-1.3889021746641352,1.3686916921831385,0.0,0.18287324043127737,0.69817843656032,0.370135762164116,-0.1567700611811949,0.2530912819564971,1.6204734698560528,1.7311679217745108,-0.22257025563183241,-0.0006490347155823692,-0.08708724158150773,-0.21688456070609224,0.0,-0.048419135786999044,-0.44350336413342384,-0.09695723732783935,-0.3633580869809898,0.0,1.0,0.0,2.0738783426779124,2,test
Giulio Zeppieri,Shintaro Mochizuki,1,2,0.0,0.0,-0.4909102765657721,-0.15148323359866034,1.0,-4.251429162798826e-05,-1.2643504006516997,-0.010423097359022127,-1.0725795449299387,-1.2377561254261487,-0.9289803222830771,-0.49872201902354535,0.23698963377024213,-2.0931154332757598,-0.8145343953774633,-1.5057076587040243,0.0,-0.5360461492165226,-1.5790952943580232,-2.4364238237815843,-0.7976832779641719,-0.016520293167458327,1.0806871227727948,0.149145337545805,-0.3102633412586238,-1.1392732711681544,-0.7201379416735754,-0.21688456070609224,1.0,-0.5246314435586501,-0.8994160445918874,-0.9394552726222556,-0.3633580869809898,0.0,1.0,0.0,2.0738783426779124,1,test
Reilly Opelka,Alexander Shevchenko,1,2,0.0,1.0,-0.4909102765657721,-0.15148323359866034,0.0,-4.251429162798826e-05,-1.2643504006516997,-0.010423097359022127,-0.483011868908046,-0.31531386415581,-1.3537705512077487,-0.48152802815780094,0.8292999837097463,-0.30836393015647845,-1.1629214090431497,0.09118086956662165,0.0,-0.11775016025776681,-0.44045842889885156,-1.1890640078057175,0.336240105574941,0.7107622937660469,3.1818881227633726,3.858891041278045,0.6033358627821818,0.09141843158475219,0.3947871719214097,4.253247090085433,0.0,-0.739777361176914,-0.2155470239041922,-0.4401971776329718,-0.3633580869809898,0.0,1.0,0.0,2.0738783426779124,2,test
Aleksandar Vukic,Chun-Hsin Tseng,1,2,0.0,1.0,-0.4909102765657721,-0.15148323359866034,0.0,-4.251429162798826e-05,-1.2643504006516997,-0.010423097359022127,-0.1636627110628538,-0.5357768364765243,-1.3725082181566022,-0.35833444421609045,-0.40241152042480394,0.031294660402554186,-1.8832350994600413,0.09118086956662165,0.0,-0.8864871420197512,0.014996317284816957,0.05829580817014929,0.7059977306420429,0.11939833955824646,2.3340924847926545,2.498278080769877,-0.5166034375969379,-0.34367459464102296,-0.03984465202239812,0.5813532340781087,0.0,-0.3128870424244696,0.24036565655427136,0.33642652568369175,-0.3633580869809898,0.0,1.0,0.0,2.0738783426779124,2,test
David Goffin,Rinky Hijikata,1,2,0.0,1.0,-0.09429084937703326,-2.0085656854780534,0.0,-4.251429162798826e-05,-1.2643504006516997,-0.010423097359022127,-0.507577188742291,-0.9112519848018209,-1.6831834921760551,-0.5729693516471989,0.2439322573085897,-0.33383832444840594,-1.0263913631471373,-1.0266411002228306,0.0,-0.2697797086062263,-0.2127310558070173,0.05829580817014929,2.0124746725458023,-0.3907207764107956,0.7529713558739325,0.9971121013624983,0.21485617958918382,0.48950638877118796,1.6892341258410108,-0.6958272375766128,0.0,-0.048419135786999044,0.9242346772419661,0.23736737985248446,-0.3633580869809898,0.0,1.0,0.0,2.0738783426779124,1,test
Adam Walton,Arthur Cazaux,1,2,0.0,1.0,-0.4909102765657721,-0.15148323359866034,0.0,-4.251429162798826e-05,-1.2643504006516997,-0.010423097359022127,-0.8760569862559741,-0.6434668038851867,2.3513913555266384,1.7092391448092887,-0.0344370116997301,-0.673789724137231,-0.8710295867827097,-0.22819683608750754,0.0,-0.3041366686849742,-0.668185801990686,-0.7732774024804286,-0.058168027829968084,0.9590282774366307,-0.21866639573239785,0.18245664373406775,-1.1045162054420814,-1.6400742238035368,-1.5185377052225266,-0.21688456070609224,0.0,-0.36816168529082194,-1.2901983421277134,0.05906091735631179,-0.3633580869809898,0.0,1.0,0.0,2.0738783426779124,1,test
August Holmgren,Quentin Halys,1,2,0.0,1.0,-0.4909102765657721,-0.15148323359866034,0.0,-4.251429162798826e-05,-1.2643504006516997,-0.010423097359022127,0.37677432529054794,-0.7634790762695901,3.377021502497388,2.380346354981198,0.6655761590522191,-0.7817849759665945,0.6032258841732443,1.0493139865290093,0.0,-0.3582488808090022,0.24272369037665145,0.28508850198394303,0.015783497183452472,-0.6730667140510666,0.7401985555207153,-0.07224059368715831,0.1537507706043142,0.35385549502252167,0.1464261296678053,0.5813532340781087,0.0,-0.7210690205144562,0.2656941388019637,0.33642652568369175,-0.3633580869809898,0.0,1.0,0.0,2.0738783426779124,2,test
Christopher Eubanks,Jesper de Jong,1,2,0.0,1.0,-0.4909102765657721,-0.15148323359866034,0.0,-4.251429162798826e-05,-1.2643504006516997,-0.010423097359022127,-0.1636627110628538,-0.5357768364765243,-1.3725082181566022,-0.35833444421609045,-0.40241152042480394,0.031294660402554186,-1.8832350994600413,0.09118086956662165,0.0,-0.8864871420197512,0.014996317284816957,0.05829580817014929,0.5087936639395884,0.9388869533510257,2.0700981223154287,1.9963449752909375,0.04258643120432839,-0.5663504984930495,0.5648604943342042,2.6567715005170314,0.0,0.1556718532579943,-0.44350336413342384,0.5583190123455953,-0.3633580869809898,0.0,1.0,0.0,2.0738783426779124,1,test
Marton Fucsovics,Aleksandar Kovacevic,1,2,0.0,1.0,-0.4909102765657721,-0.15148323359866034,0.0,-4.251429162798826e-05,-1.2643504006516997,-0.010423097359022127,0.1065558071138475,-0.16397524128846108,2.129693329091818,2.699987267245803,0.31353880636332154,-0.9423932992000063,-1.2052928025970844,-0.22819683608750754,0.0,-0.36512027282475173,-0.8959131750825203,-0.4406481182201973,1.5441150141274735,0.7078599943050413,0.9641949690410376,0.4435854994424895,-0.438038824132319,-0.006582363980562516,1.8944019433548576,0.5813532340781087,0.0,-0.284824531430783,0.012409316325039459,-0.08777969881700724,-0.3633580869809898,0.0,1.0,0.0,2.0738783426779124,2,test
Lorenzo Sonego,Jaime Faria,1,2,0.0,1.0,-0.4909102765657721,-0.15148323359866034,0.0,-4.251429162798826e-05,-1.2643504006516997,-0.010423097359022127,-1.1462755044326753,-0.3597266199331517,-0.9658659427836428,-0.7591384642039691,-1.4229106570690677,-2.8897692184051267,-1.5772194793482899,0.5702474280478155,0.0,-0.5635317172795209,-2.262277413633526,-2.4364238237815843,0.9278523056823037,1.0894086588164218,1.5351524723199441,0.170530269895165,-1.5320865730996935,-0.08837552268495923,0.3711658771418546,1.0602959109486292,0.0,0.00770588620037412,0.012409316325039459,0.3218283357717245,-0.3633580869809898,0.0,1.0,0.0,2.0738783426779124,2,test
Hamad Medjedovic,Sebastian Ofner,1,2,0.0,1.0,-0.4909102765657721,-0.15148323359866034,0.0,-4.251429162798826e-05,-1.2643504006516997,-0.010423097359022127,0.4996009244617756,-0.4948113989554627,1.6377659979284214,1.02745691836897,-0.34835316407242223,-0.3142075188112579,0.07997280187227163,1.0493139865290093,0.0,0.050598944128097935,-0.2127310558070173,-0.10801883395996624,-1.0688388696800462,0.6335935475477849,2.1130927949779843,2.926666527663119,0.5202836536921445,0.2539806611636133,-0.871314228262726,0.5813532340781087,0.0,-0.560347366641524,0.4683219967835028,-0.7730359076258277,-0.3633580869809898,0.0,1.0,0.0,2.0738783426779124,1,test
Camilo Ugo Carabelli,Marcos Giron,1,2,0.0,1.0,-0.4909102765657721,-0.15148323359866034,0.0,-4.251429162798826e-05,-1.2643504006516997,-0.010423097359022127,1.3593871186603694,-0.04351561557597148,2.0400567004317485,1.3810337855910364,-1.0835612531615506,-0.16518945700603413,0.7868352562402958,-0.7072633945687014,0.0,0.0626238801556597,0.24272369037665145,0.1387706350073019,-0.13211955284338778,-0.963245325733206,-2.6898847261704026,-1.4554976555019017,0.37434967030180294,-1.0943295959316457,-1.1169756939700954,0.10241055720758814,0.0,-0.3647601688067387,-0.8643458384027747,-0.9010508037769259,-0.3633580869809898,0.0,1.0,0.0,2.0738783426779124,1,test
Fabian Marozsan,James McCabe,1,2,0.0,1.0,-0.4909102765657721,-0.15148323359866034,0.0,-4.251429162798826e-05,-1.2643504006516997,-0.010423097359022127,-0.1636627110628538,-0.5357768364765243,-1.3725082181566022,-0.35833444421609045,-0.40241152042480394,0.031294660402554186,-1.8832350994600413,0.09118086956662165,0.0,-0.8864871420197512,0.014996317284816957,0.05829580817014929,-0.32932361954584227,0.20858151660146873,-0.6899337806861477,-0.4023820453296159,0.40789971074583864,-0.13303432003965546,-0.998194325935763,1.3795910288623097,0.0,-0.11985098195274671,-0.44350336413342384,-1.6051327326079676,-0.3633580869809898,0.0,1.0,0.0,2.0738783426779124,2,test
Corentin Moutet,Francisco Comesana,1,2,0.0,0.0,-0.4909102765657721,-0.15148323359866034,1.0,-4.251429162798826e-05,-1.2643504006516997,-0.010423097359022127,-0.4584465490738001,-0.6851546293219319,-0.5957896178030391,-0.35661187877665784,0.429369491990579,-0.7653591247268137,-1.539556018411459,-1.0266411002228306,0.0,-0.4295395729724041,-0.606078336602004,0.8898690188207269,-0.03351751949216094,1.1033909478519845,-0.13278234244114354,-0.8569124476455632,-0.8275564106870644,-0.45762753008110657,-0.04456891097830901,-0.6958272375766128,1.0,-0.19808586108666082,-0.2155470239041922,-0.2529753920119905,-0.3633580869809898,0.0,1.0,0.0,2.0738783426779124,2,test
Alexander Bublik,Jaume Munar,1,2,0.0,1.0,-0.4909102765657721,-0.15148323359866034,0.0,-4.251429162798826e-05,-1.2643504006516997,-0.010423097359022127,0.42590496495903885,-0.16298259871701962,-2.4100190438394424,-0.7499264356825375,1.5174179788742186,-0.5424857443632403,0.621385052839216,-0.22819683608750754,0.0,-0.1615552843581704,-0.8959131750825203,-1.3672582672308418,0.38554112225055437,-0.39408985521800627,0.7210269597645389,2.247954963007507,2.4370869113786515,0.04860890014910388,0.2814049569795465,1.8585337057328302,0.0,0.5213348752969407,-0.6714597043626558,0.7311391221495781,-0.3633580869809898,0.0,1.0,0.0,2.0738783426779124,1,test
Marin Cilic,Raphael Collignon,1,2,0.0,1.0,-0.4909102765657721,-0.15148323359866034,0.0,-4.251429162798826e-05,-1.2643504006516997,-0.010423097359022127,-0.7532303870847464,0.02918887268146462,-0.28086298665655623,-0.5305290241750766,9.513749832395774,-2.8897692184051267,-1.6861744913441223,1.0493139865290093,0.0,-0.6210796254114237,-2.262277413633526,-2.4364238237815843,2.3822322976129042,-0.7989142812395542,-0.18045689114221444,0.5951385961449581,-0.016652488316242046,0.8151744623483138,3.030923669319722,2.1778288236465104,0.0,-0.8732868831771804,-0.44350336413342384,1.0663360212820594,-0.3633580869809898,0.0,1.0,0.0,2.0738783426779124,2,test
Tomas Machac,Damir Dzumhur,1,2,0.0,1.0,-0.09429084937703326,-2.0085656854780534,0.0,-4.251429162798826e-05,-1.2643504006516997,-0.010423097359022127,1.4576483979973522,0.5051445147692808,-0.5903094466640874,-1.0730535473905365,-1.550098655381787,-0.1606000469643742,1.7956779599054098,-1.5057076587040243,0.0,-0.5197265931791173,-0.668185801990686,0.3354868783870087,-0.42792565289707,0.07043995501300652,-1.5815910516250855,0.2281080979596728,-0.4131040355801321,0.288936853014231,-0.7106894237617536,-0.21688456070609224,0.0,0.2866302378951983,0.4683219967835028,-1.1890843201168975,-0.3633580869809898,0.0,1.0,0.0,2.0738783426779124,2,test
George Loffhagen,Pedro Martinez,1,2,0.0,1.0,-0.4909102765657721,-0.15148323359866034,0.0,-4.251429162798826e-05,-1.2643504006516997,-0.010423097359022127,0.4013396451247938,0.4757903722256879,-1.6875748907508248,-0.41391321189534214,1.2805331502598478,-0.3912491711230851,-0.1083445028118832,0.09118086956662165,0.0,0.11587716827771896,-0.668185801990686,-0.9395920446105441,-0.8469842946397853,-0.6782658195215415,-0.07352734649349722,0.13562561469159054,3.47506418555638,-2.8920766053919915,-1.3862584544570198,0.5813532340781087,0.0,-0.7712413886546837,-2.2671540859672774,-2.4372295575901064,-0.3633580869809898,0.0,1.0,0.0,2.0738783426779124,1,test
Beibit Zhukayev,Flavio Cobolli,1,2,0.0,1.0,-0.4909102765657721,-0.15148323359866034,0.0,-4.251429162798826e-05,-1.2643504006516997,-0.010423097359022127,-0.8269263465874832,-1.0504645690567294,2.3675553928342383,0.8825164419964877,0.7246234423449301,0.1422211368129724,-0.8757375193998137,-0.22819683608750754,0.0,0.3864382288978587,0.69817843656032,-0.29809271068009874,-0.42792565289707,0.8454874036638982,3.0868604310386405,1.8357935327014347,-0.5526476759633642,-0.29533092506038117,-1.2067366141324034,2.1778288236465104,0.0,-0.63007845456523,-0.24087550615188477,-0.21830469097106814,-0.3633580869809898,0.0,1.0,0.0,2.0738783426779124,1,test
Denis Shapovalov,Mariano Navone,1,2,0.0,0.0,-0.4909102765657721,-0.15148323359866034,1.0,-4.251429162798826e-05,-1.2643504006516997,-0.010423097359022127,-0.507577188742291,-0.04179107209789709,-1.7479370911587115,-0.4872255701435825,-0.20661455794645942,-0.386000179427115,-1.539556018411459,-1.0266411002228306,0.0,0.1425038123387486,-1.1236405481743545,-2.4364238237815843,-0.03351751949216094,0.5597928840343117,-1.0895564880519837,-0.42917399419526275,1.8122833414864286,0.31296186226139355,0.3239232875827452,0.10241055720758814,1.0,-0.04756875666597824,0.9242346772419661,-0.0018242161789667607,-0.3633580869809898,0.0,1.0,0.0,2.0738783426779124,1,test
Jack Pinnington Jones,Tomas Martin Etcheverry,1,2,0.0,1.0,-0.4909102765657721,-0.15148323359866034,0.0,-4.251429162798826e-05,-1.2643504006516997,-0.010423097359022127,-0.2864893102340815,-0.8442788461956537,0.672474461900292,1.2681806414632515,0.5299701139156778,-0.11795677866061213,-0.7815788670577362,1.8477582506643322,0.0,0.34177418079548644,0.014996317284816957,-1.1890640078057175,-0.1567700611811949,-0.5329764970595686,-1.3715843627118531,-0.3571606293678053,-0.40476551236036684,0.02926228498107026,-1.8823056448276698,0.10241055720758814,0.0,-0.8817906743873885,0.012409316325039459,0.05906091735631179,-0.3633580869809898,0.0,1.0,0.0,2.0738783426779124,2,test
Carlos Alcaraz,Oliver Tarvet,2,3,0.0,1.0,-0.4909102765657721,-0.15148323359866034,0.0,-4.251429162798826e-05,-1.2643504006516997,-0.010423097359022127,-0.1636627110628538,-0.5357768364765243,-1.3725082181566022,-0.35833444421609045,-0.40241152042480394,0.031294660402554186,-1.8832350994600413,0.09118086956662165,0.0,-0.8864871420197512,0.014996317284816957,0.05829580817014929,-1.0195378530044328,0.3688092115622119,2.1418235640945915,0.8660811722939018,-1.3838218559821422,1.715922097158725,-0.559513137172603,-0.21688456070609224,0.0,5.079366963968459,1.152191017471198,2.0006201756479705,-0.3633580869809898,0.0,1.0,0.0,2.0738783426779124,2,test
Frances Tiafoe,Cameron Norrie,2,3,0.0,0.0,0.6989480050004444,-0.7705107175584581,1.0,-4.251429162798826e-05,-1.2643504006516997,-0.010423097359022127,0.8680807219754587,1.4158786447700729,1.2689714884243137,1.0589670544119294,-1.0899915787884038,0.4554491414349023,0.08938866710647947,0.5702474280478155,1.0,-0.06020225212586407,0.014996317284816957,0.24083626904466654,0.26228858056152043,-0.681234897266926,-0.11828727983544578,1.3476203036157273,0.7021477282176155,0.16072253504785783,0.8105219600415733,0.5813532340781087,0.0,1.3164393534513938,0.6962783370127347,0.36348658503270453,-0.3633580869809898,0.0,1.0,0.0,2.0738783426779124,1,test
Gabriel Diallo,Taylor Fritz,2,3,0.0,1.0,-0.4909102765657721,-0.15148323359866034,0.0,-4.251429162798826e-05,-1.2643504006516997,-0.010423097359022127,0.13112112694809253,0.22489038656099572,2.505094665794713,2.3770285633027965,-1.3445459206239814,0.6081434095788608,0.5796862210877255,1.8477582506643322,0.0,1.8577750442702379,0.69817843656032,0.5037814567329589,-0.8223337863019782,1.383071116356774,1.0936905729810096,1.5357994037771876,-0.6527563693175737,-0.42017446738401615,-1.1959383079474644,2.9760666184307114,0.0,-0.45830187211902734,0.012409316325039459,-2.4372295575901064,-0.3633580869809898,0.0,1.0,0.0,2.0738783426779124,1,test
Billy Harris,Nuno Borges,2,3,0.0,1.0,-0.4909102765657721,-0.15148323359866034,0.0,-4.251429162798826e-05,-1.2643504006516997,-0.010423097359022127,0.3030783657878111,-0.65301367236983,-1.5501425224558842,-0.6135824428976945,0.9144898439822136,-0.32973570664109203,-0.8569057889313982,0.09118086956662165,0.0,-0.024127444043178767,0.24272369037665145,-2.4364238237815843,0.977153322357918,0.4838180701401698,2.6066944114676387,1.3813884716659002,-1.5712081148059385,0.224018211005941,-1.4760193746193278,1.3795910288623097,0.0,-0.4123813995839038,0.1643802098111939,0.5583190123455953,-0.3633580869809898,0.0,1.0,0.0,2.0738783426779124,1,test
Lloyd Harris,Andrey Rublev,2,3,0.0,1.0,0.3023285778117056,1.7055992182807327,0.0,-4.251429162798826e-05,-1.2643504006516997,-0.010423097359022127,0.32764368562205703,-0.06163894882754833,-0.12553933901260622,1.1588110537475456,-0.11861070334315568,0.8891118839295697,0.769348649376767,0.5702474280478155,0.0,2.343067105382552,0.014996317284816957,0.8325191422241354,0.41019163058836156,0.38951175015017525,1.3063972987093386,1.5551826447886945,0.08586090695370659,-0.0816746349065143,0.4157088901547296,1.3795910288623097,0.0,-0.42173556991513267,-0.6714597043626558,-0.21830469097106814,-0.3633580869809898,0.0,1.0,0.0,2.0738783426779124,1,test
Mattia Bellucci,Jiri Lehecka,2,3,0.0,0.0,-0.4909102765657721,-0.15148323359866034,1.0,-4.251429162798826e-05,-1.2643504006516997,-0.010423097359022127,-0.8514916664217291,-0.23327710089164597,3.048871581422061,1.4319758823245408,0.009571582869916563,0.2747166503031941,-0.30876791994001923,0.09118086956662165,0.0,0.18287324043127737,0.24272369037665145,0.05829580817014929,-0.5758287029239102,0.9177568337208151,1.9437031663532052,2.5617108170078877,-1.0955199000544613,-0.555005493093542,-1.277600498471068,-1.4940650323608138,1.0,-0.3936730589214461,-0.44350336413342384,-2.4372295575901064,-0.3633580869809898,0.0,1.0,0.0,2.0738783426779124,2,test
Jenson Brooksby,Joao Fonseca,2,3,0.0,1.0,-0.4909102765657721,-0.15148323359866034,0.0,-4.251429162798826e-05,-1.2643504006516997,-0.010423097359022127,-1.8832350994600415,1.4880006441819285,0.7141878337111518,0.27090233006580194,-1.773476331797729,0.6155074361640903,-1.3041593875562656,0.09118086956662165,0.0,-0.5652495652834583,0.4704510634684855,-2.4364238237815843,-0.8469842946397853,0.21356714531920235,-2.5292088435737567,-0.5980903564933012,-0.2399157642206889,0.5099889378272703,-0.19574519756745964,0.5813532340781087,0.0,-0.02290776215637488,0.24036565655427136,0.4751093298473817,-0.3633580869809898,0.0,1.0,0.0,2.0738783426779124,1,test
Karen Khachanov,Shintaro Mochizuki,2,3,0.0,1.0,-0.4909102765657721,-0.15148323359866034,0.0,-4.251429162798826e-05,-1.2643504006516997,-0.010423097359022127,-1.0725795449299387,-1.2377561254261487,-0.9289803222830771,-0.49872201902354535,0.23698963377024213,-2.0931154332757598,-0.8145343953774633,-1.5057076587040243,0.0,-0.5360461492165226,-1.5790952943580232,-2.4364238237815843,0.6813472223042357,0.7506615169264359,2.1289609795954787,1.2970795976463678,-1.3258741396200155,0.509066385478933,1.023113613057566,2.1778288236465104,0.0,1.0103028698839038,0.9242346772419661,0.6351279500362547,-0.3633580869809898,0.0,1.0,0.0,2.0738783426779124,2,test
Ethan Quinn,Kamil Majchrzak,2,3,0.0,1.0,-0.4909102765657721,-0.15148323359866034,0.0,-4.251429162798826e-05,-1.2643504006516997,-0.010423097359022127,0.5732968839645124,-0.0578876353795386,1.6816947304808343,1.2605955870114944,-1.1968122758783284,-0.3389810425448988,0.6516503339491693,-0.7072633945687014,0.0,-0.8650140419705338,0.014996317284816957,-1.0108697483805937,-1.3153439530581141,-0.01594607175183318,0.9337410723184429,1.1230793916977864,-1.117281526340331,-1.4314071602054605,-1.4004312313247527,1.0602959109486292,0.0,-0.6904553721577072,-1.127372384821119,0.05906091735631179,-0.3633580869809898,0.0,1.0,0.0,2.0738783426779124,1,test
Learner Tien,Nicolas Jarry,2,3,0.0,0.0,-0.4909102765657721,-0.15148323359866034,1.0,-4.251429162798826e-05,-1.2643504006516997,-0.010423097359022127,0.6469928434672492,0.1917541885476388,2.7591866402359746,1.2483476017644248,-0.7750847171139233,0.08254139511847858,1.0141611454661676,2.646202514799655,0.0,0.6681653015435915,-0.668185801990686,-0.21889526204671012,-1.6358005614496025,0.8783637588175283,-1.0637416713376617,0.6800448588382981,-0.5979357823199238,0.02926228498107026,-1.1831153193528487,-0.6958272375766128,1.0,-0.46255376772413137,0.012409316325039459,0.05906091735631179,-0.3633580869809898,0.0,1.0,0.0,2.0738783426779124,1,test
Yunchaokete Bu,Brandon Nakashima,1,3,0.0,1.0,-0.4909102765657721,-0.15148323359866034,0.0,-4.251429162798826e-05,-1.2643504006516997,-0.010423097359022127,-0.6304037879135187,1.2107302981517254,2.3608387363429046,2.922096524735727,-1.2645494669187611,0.2968459221123431,-0.5650139666709583,0.5702474280478155,0.0,0.22581944052971226,0.4704510634684855,0.2501973183202825,-0.1567700611811949,-0.5329764970595686,-1.3715843627118531,-0.3571606293678053,-0.40476551236036684,0.02926228498107026,-1.8823056448276698,0.10241055720758814,0.0,-0.8817906743873885,0.012409316325039459,0.05906091735631179,-0.3633580869809898,0.0,1.0,0.0,2.0738783426779124,1,test
Benjamin Bonzi,Jordan Thompson,2,3,0.0,1.0,-0.4909102765657721,-0.15148323359866034,0.0,-4.251429162798826e-05,-1.2643504006516997,-0.010423097359022127,1.13829924015216,-0.47955114503884094,-0.6437839545994058,0.5288470370176723,1.051867306865662,-0.15309143161520633,0.9321086055680718,-0.22819683608750754,0.0,0.4585878450632293,0.4704510634684855,0.14145312923520734,0.6813472223042357,0.21306384350926474,1.147127447150541,1.1908779688139846,-0.8888251462417984,-0.3565749269549944,0.1113316345667525,-0.21688456070609224,0.0,-0.4795613501445475,-0.44350336413342384,0.05906091735631179,-0.3633580869809898,0.0,1.0,0.0,2.0738783426779124,1,test
Valentin Royer,Adrian Mannarino,2,3,0.0,0.0,-0.4909102765657721,-0.15148323359866034,1.0,-4.251429162798826e-05,-1.2643504006516997,-0.010423097359022127,2.415695871532928,-0.502658467510669,1.376018731071526,1.1392544810644782,-0.811490435104305,-0.14901792470903122,2.316913356799052,-0.7072633945687014,1.0,0.7626469417601484,-0.44045842889885156,0.45002864293942957,-0.1567700611811949,-0.5329764970595686,-1.3715843627118531,-0.3571606293678053,-0.40476551236036684,0.02926228498107026,-1.8823056448276698,0.10241055720758814,0.0,-0.8817906743873885,0.012409316325039459,0.05906091735631179,-0.3633580869809898,0.0,1.0,0.0,2.0738783426779124,1,test
Novak Djokovic,Daniel Evans,2,4,0.0,1.0,-0.09429084937703326,1.7055992182807327,0.0,-4.251429162798826e-05,-1.2643504006516997,-0.010423097359022127,2.0963467136877365,-1.123255353172098,-1.0709626405531403,-0.45382033431864627,0.8148254017671585,-0.18669518129951154,2.306824929762401,-1.5057076587040243,0.0,-0.5996065253622062,-1.1236405481743545,-0.4406481182201973,2.87524246436904,0.26072976345985066,1.544532085880438,0.37638068730369856,-0.5728032989159646,1.9903958760972487,3.3494737017754317,0.5813532340781087,0.0,3.846317238488291,1.6081036979296612,1.8471838816796329,-0.3633580869809898,0.0,1.0,0.0,2.0738783426779124,2,test
Aleksandar Vukic,Jannik Sinner,2,4,0.0,1.0,0.3023285778117056,1.7055992182807327,0.0,-4.251429162798826e-05,-1.2643504006516997,-0.010423097359022127,-0.6058384680792737,0.3422952867610182,2.4305080744996257,2.28275835032474,-1.7272589361990527,1.545613895025233,-0.362572864135492,1.0493139865290093,0.0,9.274583801269943,2.0645426751113254,1.0561836609508424,0.7059977306420429,0.11939833955824646,2.3340924847926545,2.498278080769877,-0.5166034375969379,-0.34367459464102296,-0.03984465202239812,0.5813532340781087,0.0,-0.3128870424244696,0.24036565655427136,0.33642652568369175,-0.3633580869809898,0.0,1.0,0.0,2.0738783426779124,1,test
Marin Cilic,Jack Draper,2,4,0.0,0.0,-0.4909102765657721,-0.15148323359866034,1.0,-4.251429162798826e-05,-1.2643504006516997,-0.010423097359022127,-0.7286650672505014,-0.3754825057025743,-1.0819357710123498,0.47678095562383765,0.6600918502686457,0.660446880453439,-0.8333661258458788,1.3686916921831385,1.0,1.1019219225377839,1.1536331827439885,0.9654665834253249,2.3822322976129042,-0.7989142812395542,-0.18045689114221444,0.5951385961449581,-0.016652488316242046,0.8151744623483138,3.030923669319722,2.1778288236465104,0.0,-0.8732868831771804,-0.44350336413342384,1.0663360212820594,-0.3633580869809898,0.0,1.0,0.0,2.0738783426779124,2,test
Arthur Cazaux,Alex de Minaur,2,4,0.0,1.0,-0.4909102765657721,-0.15148323359866034,0.0,-4.251429162798826e-05,-1.2643504006516997,-0.010423097359022127,-0.1636627110628538,-0.5357768364765243,-1.3725082181566022,-0.35833444421609045,-0.40241152042480394,0.031294660402554186,-1.8832350994600413,0.09118086956662165,0.0,-0.8864871420197512,0.014996317284816957,0.05829580817014929,-0.8716348029775915,-0.6407268171824861,2.3497999727484205,1.7188111848397851,-0.03795310940749301,-0.6758884816607034,-0.8665899693068149,-0.21688456070609224,0.0,-0.30523363033528234,-0.6714597043626558,-0.7730359076258277,-0.3633580869809898,0.0,1.0,0.0,2.0738783426779124,1,test
Luciano Darderi,Arthur Fery,2,4,0.0,1.0,-0.4909102765657721,-0.15148323359866034,0.0,-4.251429162798826e-05,-1.2643504006516997,-0.010423097359022127,-0.9251876259244659,0.006786382096653301,-2.7360148746883155,-1.0974738044470473,-1.9494811736020716,-2.8897692184051267,-1.3936101072812392,-1.5057076587040243,0.0,-0.6777686095413576,-2.262277413633526,-2.4364238237815843,-0.7237317529507513,-0.8043368549806861,-0.8453204032053214,0.27998881044346263,-0.10520276522778824,-0.07893545169941399,-1.2917732753388007,-0.21688456070609224,0.0,0.17948246864657683,-1.127372384821119,-0.4401971776329718,-0.3633580869809898,0.0,1.0,0.0,2.0738783426779124,2,test
Corentin Moutet,Grigor Dimitrov,2,4,0.0,0.0,0.3023285778117056,-2.0085656854780534,1.0,-4.251429162798826e-05,-1.2643504006516997,-0.010423097359022127,1.8998241550137713,-0.1116294616980837,2.6228097873826854,1.9699118403154594,1.009563741268067,0.6958753312423968,2.3027895589477407,1.0493139865290093,0.0,2.325888625343178,0.925905809652154,0.49487174376170273,-0.03351751949216094,1.1033909478519845,-0.13278234244114354,-0.8569124476455632,-0.8275564106870644,-0.45762753008110657,-0.04456891097830901,-0.6958272375766128,1.0,-0.19808586108666082,-0.2155470239041922,-0.2529753920119905,-0.3633580869809898,0.0,1.0,0.0,2.0738783426779124,1,test
Tommy Paul,Sebastian Ofner,2,4,0.0,1.0,-0.09429084937703326,-2.0085656854780534,0.0,-4.251429162798826e-05,-1.2643504006516997,-0.010423097359022127,0.4996009244617756,-0.4948113989554627,1.6377659979284214,1.02745691836897,-0.34835316407242223,-0.3142075188112579,0.07997280187227163,1.0493139865290093,0.0,0.050598944128097935,-0.2127310558070173,-0.10801883395996624,0.4348421389261678,-0.1244611661826467,-1.2295549828017363,-0.6270926296674512,-0.4358319984232095,0.5356276926457343,0.541239199554649,0.10241055720758814,0.0,1.8224149304587731,0.4683219967835028,0.891157742338451,-0.3633580869809898,0.0,1.0,0.0,2.0738783426779124,1,test
Jakub Mensik,Marcos Giron,2,4,0.0,1.0,-0.4909102765657721,-0.15148323359866034,0.0,-4.251429162798826e-05,-1.2643504006516997,-0.010423097359022127,1.3593871186603694,-0.04351561557597148,2.0400567004317485,1.3810337855910364,-1.0835612531615506,-0.16518945700603413,0.7868352562402958,-0.7072633945687014,0.0,0.0626238801556597,0.24272369037665145,0.1387706350073019,-1.7837036114764437,0.5901376888883615,1.8552621016700055,1.820795253699066,0.11254164935669128,0.44659641217722174,-1.4287767850602184,1.3795910288623097,0.0,-0.45149883915086086,0.24036565655427136,-0.7730359076258277,-0.3633580869809898,0.0,1.0,0.0,2.0738783426779124,2,test
Tomas Machac,August Holmgren,2,4,0.0,1.0,-0.4909102765657721,-0.15148323359866034,0.0,-4.251429162798826e-05,-1.2643504006516997,-0.010423097359022127,0.00829452777686482,-0.6757885866493031,0.7407020283591362,-0.07456703623597086,0.15787420924090464,0.3558573136034078,0.13848567868484843,0.5702474280478155,0.0,-0.7241505056476674,0.2680267318312996,0.3354868783870087,-0.42792565289707,0.07043995501300652,-1.5815910516250855,0.2281080979596728,-0.4131040355801321,0.288936853014231,-0.7106894237617536,-0.21688456070609224,0.0,0.2866302378951983,0.4683219967835028,-1.1890843201168975,-0.3633580869809898,0.0,1.0,0.0,2.0738783426779124,1,test
Jack Pinnington Jones,Flavio Cobolli,2,4,0.0,1.0,-0.4909102765657721,-0.15148323359866034,0.0,-4.251429162798826e-05,-1.2643504006516997,-0.010423097359022127,-0.8269263465874832,-1.0504645690567294,2.3675553928342383,0.8825164419964877,0.7246234423449301,0.1422211368129724,-0.8757375193998137,-0.22819683608750754,0.0,0.3864382288978587,0.69817843656032,-0.29809271068009874,-0.1567700611811949,-0.5329764970595686,-1.3715843627118531,-0.3571606293678053,-0.40476551236036684,0.02926228498107026,-1.8823056448276698,0.10241055720758814,0.0,-0.8817906743873885,0.012409316325039459,0.05906091735631179,-0.3633580869809898,0.0,1.0,0.0,2.0738783426779124,1,test
Jan-Lennard Struff,Felix Auger-Aliassime,2,4,0.0,1.0,-0.4909102765657721,-0.15148323359866034,0.0,-4.251429162798826e-05,-1.2643504006516997,-0.010423097359022127,-0.1636627110628538,-0.5357768364765243,-1.3725082181566022,-0.35833444421609045,-0.40241152042480394,0.031294660402554186,-1.8832350994600413,0.09118086956662165,0.0,-0.8864871420197512,0.014996317284816957,0.05829580817014929,-0.1567700611811949,-0.5329764970595686,-1.3715843627118531,-0.3571606293678053,-0.40476551236036684,0.02926228498107026,-1.8823056448276698,0.10241055720758814,0.0,-0.8817906743873885,0.012409316325039459,0.05906091735631179,-0.3633580869809898,0.0,1.0,0.0,2.0738783426779124,2,test
Alejandro Davidovich Fokina,Botic van De Zandschulp,2,4,0.0,1.0,-0.4909102765657721,-0.15148323359866034,0.0,-4.251429162798826e-05,-1.2643504006516997,-0.010423097359022127,-0.1636627110628538,-0.5357768364765243,-1.3725082181566022,-0.35833444421609045,-0.40241152042480394,0.031294660402554186,-1.8832350994600413,0.09118086956662165,0.0,-0.8864871420197512,0.014996317284816957,0.05829580817014929,-0.08281853616777436,0.43154617258637606,-0.42454566396582044,0.7258190644467171,-0.019282937202233473,-0.008351520474377322,-0.34692148415661006,-0.21688456070609224,0.0,-0.15046463030949572,-0.2155470239041922,-0.5650117013802928,-0.3633580869809898,0.0,1.0,0.0,2.0738783426779124,2,test
Jaume Munar,Fabian Marozsan,2,4,0.0,1.0,-0.09429084937703326,-2.0085656854780534,0.0,-4.251429162798826e-05,-1.2643504006516997,-0.010423097359022127,-0.3356199499025724,0.20536581842872448,-0.6903969168275231,-0.40337291952730714,0.4128283237657362,-0.1309866661978726,-1.0021791382591747,1.3686916921831385,0.0,-0.11689123625579811,-0.44045842889885156,-1.6048506131310065,0.4348421389261678,-0.1599733341360134,-2.4083944211387927,-0.7503432184997197,1.5090009448260235,-0.5445721399136382,0.6310001197169567,-0.21688456070609224,0.0,-0.1640706962458286,-0.8994160445918874,-1.3673907826130707,-0.3633580869809898,0.0,1.0,0.0,2.0738783426779124,2,test
Jesper de Jong,Miomir Kecmanovic,2,4,0.0,1.0,-0.4909102765657721,-0.15148323359866034,0.0,-4.251429162798826e-05,-1.2643504006516997,-0.010423097359022127,-0.1636627110628538,0.24985065313717128,1.6215719097582508,1.7215458932718275,-0.21963904722864944,0.0013861565239771298,-0.09422070496057154,-0.22819683608750754,0.0,-0.04474162009042751,-0.44045842889885156,-0.09762416882683406,-0.1567700611811949,-0.5329764970595686,-1.3715843627118531,-0.3571606293678053,-0.40476551236036684,0.02926228498107026,-1.8823056448276698,0.10241055720758814,0.0,-0.8817906743873885,0.012409316325039459,0.05906091735631179,-0.3633580869809898,0.0,1.0,0.0,2.0738783426779124,1,test
Mariano Navone,Pedro Martinez,2,4,0.0,1.0,-0.4909102765657721,-0.15148323359866034,0.0,-4.251429162798826e-05,-1.2643504006516997,-0.010423097359022127,0.4013396451247938,0.4757903722256879,-1.6875748907508248,-0.41391321189534214,1.2805331502598478,-0.3912491711230851,-0.1083445028118832,0.09118086956662165,0.0,0.11587716827771896,-0.668185801990686,-0.9395920446105441,-0.5018771779104897,-0.03871388812057022,-1.746759659313016,-0.4865752949193637,-0.2095868991830749,-0.38807184221508184,-1.5374347410461704,-1.0151223554902933,0.0,0.13696351259553657,-1.127372384821119,-2.4372295575901064,-0.3633580869809898,0.0,1.0,0.0,2.0738783426779124,1,test
Reilly Opelka,Brandon Nakashima,2,4,0.0,1.0,-0.09429084937703326,-2.0085656854780534,0.0,-4.251429162798826e-05,-1.2643504006516997,-0.010423097359022127,-0.6304037879135187,1.2107302981517254,2.3608387363429046,2.922096524735727,-1.2645494669187611,0.2968459221123431,-0.5650139666709583,0.5702474280478155,0.0,0.22581944052971226,0.4704510634684855,0.2501973183202825,0.336240105574941,0.7107622937660469,3.1818881227633726,3.858891041278045,0.6033358627821818,0.09141843158475219,0.3947871719214097,4.253247090085433,0.0,-0.739777361176914,-0.2155470239041922,-0.4401971776329718,-0.3633580869809898,0.0,1.0,0.0,2.0738783426779124,1,test
Arthur Rinderknech,Cristian Garin,2,4,0.0,1.0,-0.4909102765657721,-0.15148323359866034,0.0,-4.251429162798826e-05,-1.2643504006516997,-0.010423097359022127,0.6224275236330034,0.43454759801336945,-0.32401346642826656,-0.6467117130015477,0.30111682352398395,0.1360340026705586,1.2589736415555683,0.09118086956662165,0.0,-0.4501537490196528,0.014996317284816957,-0.07300522509046867,0.853900780668884,-0.5245659777912817,0.09580438217270924,1.0053540295488954,0.4579120617564834,-0.13820300172821348,-0.7106894237617536,1.8585337057328302,0.0,-0.13770894349418364,0.24036565655427136,-0.5978576286822195,-0.3633580869809898,0.0,1.0,0.0,2.0738783426779124,2,test
Nikoloz Basilashvili,Lorenzo Sonego,2,4,0.0,1.0,0.6989480050004444,0.4675442503611372,0.0,-4.251429162798826e-05,-1.2643504006516997,-0.010423097359022127,0.9172113616439497,1.085699594974215,1.5361932448019353,0.1672217117096705,-1.5333040697541065,-0.08633207297225191,0.36244875889850353,1.0493139865290093,0.0,0.011947364039506535,0.014996317284816957,0.32089787469138464,1.3222604390872128,-0.7511611203683977,-0.7621281404153387,0.006258826595590012,2.4752804244961393,-0.20958932240792214,0.8766615854243267,0.10241055720758814,0.0,-0.472758317176381,-1.127372384821119,-0.16787458036609024,-0.3633580869809898,0.0,1.0,0.0,2.0738783426779124,1,test
Alejandro Davidovich Fokina,Taylor Fritz,3,5,0.0,1.0,0.6989480050004444,-0.7705107175584581,0.0,-4.251429162798826e-05,-1.2643504006516997,-0.010423097359022127,0.13112112694809253,0.22489038656099572,2.505094665794713,2.3770285633027965,-1.3445459206239814,0.6081434095788608,0.5796862210877255,1.8477582506643322,0.0,1.8577750442702379,0.69817843656032,0.5037814567329589,-0.08281853616777436,0.43154617258637606,-0.42454566396582044,0.7258190644467171,-0.019282937202233473,-0.008351520474377322,-0.34692148415661006,-0.21688456070609224,0.0,-0.15046463030949572,-0.2155470239041922,-0.5650117013802928,-0.3633580869809898,0.0,1.0,0.0,2.0738783426779124,1,test
Carlos Alcaraz,Jan-Lennard Struff,3,5,0.0,1.0,-0.4909102765657721,-0.15148323359866034,0.0,-4.251429162798826e-05,-1.2643504006516997,-0.010423097359022127,-0.1636627110628538,-0.5357768364765243,-1.3725082181566022,-0.35833444421609045,-0.40241152042480394,0.031294660402554186,-1.8832350994600413,0.09118086956662165,0.0,-0.8864871420197512,0.014996317284816957,0.05829580817014929,-1.0195378530044328,0.3688092115622119,2.1418235640945915,0.8660811722939018,-1.3838218559821422,1.715922097158725,-0.559513137172603,-0.21688456070609224,0.0,5.079366963968459,1.152191017471198,2.0006201756479705,-0.3633580869809898,0.0,1.0,0.0,2.0738783426779124,2,test
Cameron Norrie,Mattia Bellucci,3,5,1.0,0.0,-0.4909102765657721,-0.15148323359866034,0.0,-4.251429162798826e-05,-1.2643504006516997,-0.010423097359022127,-0.5812731482450277,0.9141439148695424,1.9450200732596523,2.5487288747482255,-1.095354301026689,-0.5529181153589819,-1.2806197244707465,-1.5057076587040243,1.0,-0.39346476488971877,-0.44045842889885156,-2.4364238237815843,0.8785512890066903,1.4197727509363223,1.2681112058729316,1.0658977705863601,-1.0901741139090846,0.4534566991996243,0.0971588576990196,0.5813532340781087,1.0,-0.06372595996537354,0.012409316325039459,0.24171631796214743,-0.3633580869809898,0.0,1.0,0.0,2.0738783426779124,2,test
Rinky Hijikata,Ben Shelton,2,5,0.0,0.0,-0.09429084937703326,1.7055992182807327,1.0,-4.251429162798826e-05,-1.2643504006516997,-0.010423097359022127,-0.8760569862559741,0.6101043369479419,1.2924107146349164,1.2776975455076187,0.10832126030268471,0.435018936335323,-1.1629214090431497,1.3686916921831385,1.0,1.1148057825673143,0.69817843656032,-0.1336057019799842,-0.5018771779104897,-0.908662073012267,-1.682049796936037,-0.5726673569334606,0.2395370374696811,-0.33590507631556243,-1.0224905148518764,-1.0151223554902933,0.0,-0.2712184654944501,-0.2155470239041922,0.05906091735631179,-0.3633580869809898,0.0,1.0,0.0,2.0738783426779124,1,test
Joao Fonseca,Nicolas Jarry,3,5,0.0,1.0,-0.4909102765657721,-0.15148323359866034,0.0,-4.251429162798826e-05,-1.2643504006516997,-0.010423097359022127,0.6469928434672492,0.1917541885476388,2.7591866402359746,1.2483476017644248,-0.7750847171139233,0.08254139511847858,1.0141611454661676,2.646202514799655,0.0,0.6681653015435915,-0.668185801990686,-0.21889526204671012,-1.8823056448276705,1.4919351696976004,0.7137022693889276,0.27463202594845393,-1.7715003435483132,0.6135300630556825,-1.3012217932506227,0.10241055720758814,0.0,-0.5637488831256072,0.4683219967835028,-2.4372295575901064,-0.3633580869809898,0.0,1.0,0.0,2.0738783426779124,1,test
Adrian Mannarino,Andrey Rublev,3,5,0.0,0.0,1.0955674321891833,0.7770579923410362,1.0,-4.251429162798826e-05,-1.2643504006516997,-0.010423097359022127,0.32764368562205703,-0.06163894882754833,-0.12553933901260622,1.1588110537475456,-0.11861070334315568,0.8891118839295697,0.769348649376767,0.5702474280478155,0.0,2.343067105382552,0.014996317284816957,0.8325191422241354,2.4315333142885187,-0.4998395675582532,1.3750861454649614,1.1465113147187933,-0.8125525088315075,-0.1510672761530695,2.332408237981459,-0.6958272375766128,1.0,0.7509372379725582,-0.44350336413342384,0.45104041342227813,-0.3633580869809898,0.0,1.0,0.0,2.0738783426779124,1,test
Karen Khachanov,Nuno Borges,3,5,0.0,1.0,-0.09429084937703326,-2.0085656854780534,0.0,-4.251429162798826e-05,-1.2643504006516997,-0.010423097359022127,0.3030783657878111,-0.65301367236983,-1.5501425224558842,-0.6135824428976945,0.9144898439822136,-0.32973570664109203,-0.8569057889313982,0.09118086956662165,0.0,-0.024127444043178767,0.24272369037665145,-2.4364238237815843,0.6813472223042357,0.7506615169264359,2.1289609795954787,1.2970795976463678,-1.3258741396200155,0.509066385478933,1.023113613057566,2.1778288236465104,0.0,1.0103028698839038,0.9242346772419661,0.6351279500362547,-0.3633580869809898,0.0,1.0,0.0,2.0738783426779124,2,test
Arthur Rinderknech,Kamil Majchrzak,3,5,0.0,1.0,-0.4909102765657721,-0.15148323359866034,0.0,-4.251429162798826e-05,-1.2643504006516997,-0.010423097359022127,0.5732968839645124,-0.0578876353795386,1.6816947304808343,1.2605955870114944,-1.1968122758783284,-0.3389810425448988,0.6516503339491693,-0.7072633945687014,0.0,-0.8650140419705338,0.014996317284816957,-1.0108697483805937,0.853900780668884,-0.5245659777912817,0.09580438217270924,1.0053540295488954,0.4579120617564834,-0.13820300172821348,-0.7106894237617536,1.8585337057328302,0.0,-0.13770894349418364,0.24036565655427136,-0.5978576286822195,-0.3633580869809898,0.0,1.0,0.0,2.0738783426779124,1,test
Gael Monfils,Marton Fucsovics,2,5,0.0,1.0,1.0955674321891833,-1.0800244595383568,0.0,-4.251429162798826e-05,-1.2643504006516997,-0.010423097359022127,1.531344357500088,0.7043646421019034,0.9648498383196824,0.43917231195074685,-0.43579024604688527,-0.004546614184043242,1.8804207470132792,0.5702474280478155,0.0,-0.28352249263772544,0.014996317284816957,-0.08845240547407064,3.0724465310714955,-0.4427980837994612,1.7142332205655937,1.3202357343891373,0.4535429091628752,0.7523659707169766,3.2246182865120705,1.3795910288623097,0.0,-0.02290776215637488,0.4683219967835028,0.43350448859827434,-0.3633580869809898,0.0,1.0,0.0,2.0738783426779124,1,test
Jordan Thompson,Luciano Darderi,3,5,0.0,1.0,-0.4909102765657721,-0.15148323359866034,0.0,-4.251429162798826e-05,-1.2643504006516997,-0.010423097359022127,-0.7286650672505014,-0.8069852010288695,-0.8458885632671164,0.27623744399566436,-0.10189972251101828,-0.07689289066439745,-1.2947435223220578,-0.22819683608750754,0.0,0.18545001243718345,-1.1236405481743545,-0.4406481182201973,1.1497068807225654,-0.4767192950441519,-0.6433523023103638,0.5336244720207308,1.0449205353230606,-0.15514116657071758,0.9428012108070801,-0.21688456070609224,0.0,0.449903029131193,0.4683219967835028,0.142270599854526,-0.3633580869809898,0.0,1.0,0.0,2.0738783426779124,2,test
Pedro Martinez,Jannik Sinner,3,6,0.0,1.0,-0.09429084937703326,1.7055992182807327,0.0,-4.251429162798826e-05,-1.2643504006516997,-0.010423097359022127,-0.6058384680792737,0.3422952867610182,2.4305080744996257,2.28275835032474,-1.7272589361990527,1.545613895025233,-0.362572864135492,1.0493139865290093,0.0,9.274583801269943,2.0645426751113254,1.0561836609508424,0.41019163058836156,0.4791576244959549,-1.6864382294228848,-0.4129651510462364,1.2728642257142189,-0.39332132809176246,-0.10126001844924064,0.10241055720758814,0.0,0.11060175984389159,-0.6714597043626558,-0.9394552726222556,-0.3633580869809898,0.0,1.0,0.0,2.0738783426779124,1,test
Novak Djokovic,Miomir Kecmanovic,3,6,0.0,1.0,0.6989480050004444,-2.0085656854780534,0.0,-4.251429162798826e-05,-1.2643504006516997,-0.010423097359022127,-0.1636627110628538,0.24985065313717128,1.6215719097582508,1.7215458932718275,-0.21963904722864944,0.0013861565239771298,-0.09422070496057154,-0.22819683608750754,0.0,-0.04474162009042751,-0.44045842889885156,-0.09762416882683406,2.87524246436904,0.26072976345985066,1.544532085880438,0.37638068730369856,-0.5728032989159646,1.9903958760972487,3.3494737017754317,0.5813532340781087,0.0,3.846317238488291,1.6081036979296612,1.8471838816796329,-0.3633580869809898,0.0,1.0,0.0,2.0738783426779124,2,test
Marton Fucsovics,Ben Shelton,3,6,0.0,0.0,-0.4909102765657721,-0.15148323359866034,1.0,-4.251429162798826e-05,-1.2643504006516997,-0.010423097359022127,-0.8760569862559741,0.6101043369479419,1.2924107146349164,1.2776975455076187,0.10832126030268471,0.435018936335323,-1.1629214090431497,1.3686916921831385,1.0,1.1148057825673143,0.69817843656032,-0.1336057019799842,1.5441150141274735,0.7078599943050413,0.9641949690410376,0.4435854994424895,-0.438038824132319,-0.006582363980562516,1.8944019433548576,0.5813532340781087,0.0,-0.284824531430783,0.012409316325039459,-0.08777969881700724,-0.3633580869809898,0.0,1.0,0.0,2.0738783426779124,1,test
August Holmgren,Alex de Minaur,3,6,0.0,1.0,-0.4909102765657721,-0.15148323359866034,0.0,-4.251429162798826e-05,-1.2643504006516997,-0.010423097359022127,-0.1636627110628538,-0.5357768364765243,-1.3725082181566022,-0.35833444421609045,-0.40241152042480394,0.031294660402554186,-1.8832350994600413,0.09118086956662165,0.0,-0.8864871420197512,0.014996317284816957,0.05829580817014929,0.015783497183452472,-0.6730667140510666,0.7401985555207153,-0.07224059368715831,0.1537507706043142,0.35385549502252167,0.1464261296678053,0.5813532340781087,0.0,-0.7210690205144562,0.2656941388019637,0.33642652568369175,-0.3633580869809898,0.0,1.0,0.0,2.0738783426779124,1,test
Sebastian Ofner,Grigor Dimitrov,3,6,0.0,1.0,-0.4909102765657721,-0.15148323359866034,0.0,-4.251429162798826e-05,-1.2643504006516997,-0.010423097359022127,1.8998241550137713,-0.1116294616980837,2.6228097873826854,1.9699118403154594,1.009563741268067,0.6958753312423968,2.3027895589477407,1.0493139865290093,0.0,2.325888625343178,0.925905809652154,0.49487174376170273,0.5087936639395884,-0.49198810126853504,1.636656620032664,1.0342596443139764,-0.3508778785076778,-0.3162724224824105,0.08771033978719758,1.0602959109486292,0.0,0.04597294664631037,-0.2155470239041922,-0.10735844764011607,-0.3633580869809898,0.0,1.0,0.0,2.0738783426779124,1,test
Jakub Mensik,Flavio Cobolli,3,6,0.0,1.0,-0.4909102765657721,-0.15148323359866034,0.0,-4.251429162798826e-05,-1.2643504006516997,-0.010423097359022127,-0.8269263465874832,-1.0504645690567294,2.3675553928342383,0.8825164419964877,0.7246234423449301,0.1422211368129724,-0.8757375193998137,-0.22819683608750754,0.0,0.3864382288978587,0.69817843656032,-0.29809271068009874,-1.7837036114764437,0.5901376888883615,1.8552621016700055,1.820795253699066,0.11254164935669128,0.44659641217722174,-1.4287767850602184,1.3795910288623097,0.0,-0.45149883915086086,0.24036565655427136,-0.7730359076258277,-0.3633580869809898,0.0,1.0,0.0,2.0738783426779124,1,test
Jaume Munar,Marin Cilic,3,6,0.0,1.0,0.3023285778117056,1.7055992182807327,0.0,-4.251429162798826e-05,-1.2643504006516997,-0.010423097359022127,2.366565231864436,-0.8015656645598603,-0.18057567807620245,0.5901123092727432,-0.013068907681178098,0.8171328528792183,3.013014822327982,2.1671359563184613,0.0,-0.8778979020000642,-0.44045842889885156,1.064937063168217,0.4348421389261678,-0.1599733341360134,-2.4083944211387927,-0.7503432184997197,1.5090009448260235,-0.5445721399136382,0.6310001197169567,-0.21688456070609224,0.0,-0.1640706962458286,-0.8994160445918874,-1.3673907826130707,-0.3633580869809898,0.0,1.0,0.0,2.0738783426779124,1,test
Lorenzo Sonego,Brandon Nakashima,3,6,0.0,1.0,-0.4909102765657721,-0.15148323359866034,0.0,-4.251429162798826e-05,-1.2643504006516997,-0.010423097359022127,-0.6304037879135187,1.2107302981517254,2.3608387363429046,2.922096524735727,-1.2645494669187611,0.2968459221123431,-0.5650139666709583,0.5702474280478155,0.0,0.22581944052971226,0.4704510634684855,0.2501973183202825,0.9278523056823037,1.0894086588164218,1.5351524723199441,0.170530269895165,-1.5320865730996935,-0.08837552268495923,0.3711658771418546,1.0602959109486292,0.0,0.00770588620037412,0.012409316325039459,0.3218283357717245,-0.3633580869809898,0.0,1.0,0.0,2.0738783426779124,2,test
Carlos Alcaraz,Andrey Rublev,4,7,0.0,1.0,0.6989480050004444,-0.7705107175584581,0.0,-4.251429162798826e-05,-1.2643504006516997,-0.010423097359022127,0.32764368562205703,-0.06163894882754833,-0.12553933901260622,1.1588110537475456,-0.11861070334315568,0.8891118839295697,0.769348649376767,0.5702474280478155,0.0,2.343067105382552,0.014996317284816957,0.8325191422241354,-1.0195378530044328,0.3688092115622119,2.1418235640945915,0.8660811722939018,-1.3838218559821422,1.715922097158725,-0.559513137172603,-0.21688456070609224,0.0,5.079366963968459,1.152191017471198,2.0006201756479705,-0.3633580869809898,0.0,1.0,0.0,2.0738783426779124,2,test
Jordan Thompson,Taylor Fritz,4,7,0.0,1.0,0.3023285778117056,-0.15148323359866034,0.0,-4.251429162798826e-05,-1.2643504006516997,-0.010423097359022127,0.13112112694809253,0.22489038656099572,2.505094665794713,2.3770285633027965,-1.3445459206239814,0.6081434095788608,0.5796862210877255,1.8477582506643322,0.0,1.8577750442702379,0.69817843656032,0.5037814567329589,1.1497068807225654,-0.4767192950441519,-0.6433523023103638,0.5336244720207308,1.0449205353230606,-0.15514116657071758,0.9428012108070801,-0.21688456070609224,0.0,0.449903029131193,0.4683219967835028,0.142270599854526,-0.3633580869809898,0.0,1.0,0.0,2.0738783426779124,1,test
Cameron Norrie,Nicolas Jarry,4,7,0.0,0.0,-0.09429084937703326,1.7055992182807327,1.0,-4.251429162798826e-05,-1.2643504006516997,-0.010423097359022127,0.6469928434672492,0.1917541885476388,2.7591866402359746,1.2483476017644248,-0.7750847171139233,0.08254139511847858,1.0141611454661676,2.646202514799655,0.0,0.6681653015435915,-0.668185801990686,-0.21889526204671012,0.8785512890066903,1.4197727509363223,1.2681112058729316,1.0658977705863601,-1.0901741139090846,0.4534566991996243,0.0971588576990196,0.5813532340781087,1.0,-0.06372595996537354,0.012409316325039459,0.24171631796214743,-0.3633580869809898,0.0,1.0,0.0,2.0738783426779124,2,test
Kamil Majchrzak,Karen Khachanov,4,7,0.0,1.0,0.6989480050004444,1.7055992182807327,0.0,-4.251429162798826e-05,-1.2643504006516997,-0.010423097359022127,0.6715581633014942,0.7471421908913735,2.1304030999953376,1.2892136486193533,-1.3264383305047298,0.511053592680739,1.0121434600588373,2.1671359563184613,0.0,1.0246187623606011,0.925905809652154,0.6340003386205495,0.582745188953009,-0.054819472403031054,1.6805556817454057,1.2683452930535255,-1.196657458965824,-0.3410482785873465,0.6613703558620984,-0.6958272375766128,0.0,-0.8605311963618684,0.012409316325039459,-1.0107778576207247,-0.3633580869809898,0.0,1.0,0.0,2.0738783426779124,1,test
Novak Djokovic,Alex de Minaur,4,8,0.0,1.0,-0.4909102765657721,-0.15148323359866034,0.0,-4.251429162798826e-05,-1.2643504006516997,-0.010423097359022127,-0.1636627110628538,-0.5357768364765243,-1.3725082181566022,-0.35833444421609045,-0.40241152042480394,0.031294660402554186,-1.8832350994600413,0.09118086956662165,0.0,-0.8864871420197512,0.014996317284816957,0.05829580817014929,2.87524246436904,0.26072976345985066,1.544532085880438,0.37638068730369856,-0.5728032989159646,1.9903958760972487,3.3494737017754317,0.5813532340781087,0.0,3.846317238488291,1.6081036979296612,1.8471838816796329,-0.3633580869809898,0.0,1.0,0.0,2.0738783426779124,2,test
Grigor Dimitrov,Jannik Sinner,4,8,0.0,1.0,1.492186859377922,0.9627662375289757,0.0,-4.251429162798826e-05,-1.2643504006516997,-0.010423097359022127,-0.6058384680792737,0.3422952867610182,2.4305080744996257,2.28275835032474,-1.7272589361990527,1.545613895025233,-0.362572864135492,1.0493139865290093,0.0,9.274583801269943,2.0645426751113254,1.0561836609508424,1.9138726391945755,-0.10859141726618526,2.6210350801080047,1.9805427002144893,1.002750569245541,0.6939055245897561,2.318235461113727,1.0602959109486292,0.0,2.2986272382304245,0.9242346772419661,0.4959117504719351,-0.3633580869809898,0.0,1.0,0.0,2.0738783426779124,1,test
Lorenzo Sonego,Ben Shelton,4,8,0.0,0.0,0.3023285778117056,-0.15148323359866034,1.0,-4.251429162798826e-05,-1.2643504006516997,-0.010423097359022127,-0.8760569862559741,0.6101043369479419,1.2924107146349164,1.2776975455076187,0.10832126030268471,0.435018936335323,-1.1629214090431497,1.3686916921831385,1.0,1.1148057825673143,0.69817843656032,-0.1336057019799842,0.9278523056823037,1.0894086588164218,1.5351524723199441,0.170530269895165,-1.5320865730996935,-0.08837552268495923,0.3711658771418546,1.0602959109486292,0.0,0.00770588620037412,0.012409316325039459,0.3218283357717245,-0.3633580869809898,0.0,1.0,0.0,2.0738783426779124,1,test
Flavio Cobolli,Marin Cilic,4,8,0.0,1.0,-0.09429084937703326,-2.0085656854780534,0.0,-4.251429162798826e-05,-1.2643504006516997,-0.010423097359022127,2.366565231864436,-0.8015656645598603,-0.18057567807620245,0.5901123092727432,-0.013068907681178098,0.8171328528792183,3.013014822327982,2.1671359563184613,0.0,-0.8778979020000642,-0.44045842889885156,1.064937063168217,-0.8223337863019782,-1.0479526762091478,2.365953092359753,0.888730437864338,0.7187101445209138,0.1401992048686548,-0.871314228262726,-0.21688456070609224,0.0,0.37847118296544535,0.6962783370127347,-0.29755200763603407,-0.3633580869809898,0.0,1.0,0.0,2.0738783426779124,2,test
Carlos Alcaraz,Cameron Norrie,Q,9,0.0,0.0,1.888806286566661,-0.7705107175584581,1.0,-4.251429162798826e-05,-1.2643504006516997,-0.010423097359022127,0.8680807219754587,1.4158786447700729,1.2689714884243137,1.0589670544119294,-1.0899915787884038,0.4554491414349023,0.08938866710647947,0.5702474280478155,1.0,-0.06020225212586407,0.014996317284816957,0.24083626904466654,-1.0195378530044328,0.3688092115622119,2.1418235640945915,0.8660811722939018,-1.3838218559821422,1.715922097158725,-0.559513137172603,-0.21688456070609224,0.0,5.079366963968459,1.152191017471198,2.0006201756479705,-0.3633580869809898,0.0,1.0,0.0,2.0738783426779124,2,test
Karen Khachanov,Taylor Fritz,Q,9,0.0,1.0,0.3023285778117056,-2.0085656854780534,0.0,-4.251429162798826e-05,-1.2643504006516997,-0.010423097359022127,0.13112112694809253,0.22489038656099572,2.505094665794713,2.3770285633027965,-1.3445459206239814,0.6081434095788608,0.5796862210877255,1.8477582506643322,0.0,1.8577750442702379,0.69817843656032,0.5037814567329589,0.6813472223042357,0.7506615169264359,2.1289609795954787,1.2970795976463678,-1.3258741396200155,0.509066385478933,1.023113613057566,2.1778288236465104,0.0,1.0103028698839038,0.9242346772419661,0.6351279500362547,-0.3633580869809898,0.0,1.0,0.0,2.0738783426779124,1,test
Novak Djokovic,Flavio Cobolli,Q,10,0.0,1.0,-0.09429084937703326,-2.0085656854780534,0.0,-4.251429162798826e-05,-1.2643504006516997,-0.010423097359022127,-0.8269263465874832,-1.0504645690567294,2.3675553928342383,0.8825164419964877,0.7246234423449301,0.1422211368129724,-0.8757375193998137,-0.22819683608750754,0.0,0.3864382288978587,0.69817843656032,-0.29809271068009874,2.87524246436904,0.26072976345985066,1.544532085880438,0.37638068730369856,-0.5728032989159646,1.9903958760972487,3.3494737017754317,0.5813532340781087,0.0,3.846317238488291,1.6081036979296612,1.8471838816796329,-0.3633580869809898,0.0,1.0,0.0,2.0738783426779124,2,test
Ben Shelton,Jannik Sinner,Q,10,0.0,0.0,1.492186859377922,0.9627662375289757,1.0,-4.251429162798826e-05,-1.2643504006516997,-0.010423097359022127,-0.6058384680792737,0.3422952867610182,2.4305080744996257,2.28275835032474,-1.7272589361990527,1.545613895025233,-0.362572864135492,1.0493139865290093,0.0,9.274583801269943,2.0645426751113254,1.0561836609508424,-0.8716348029775915,0.6135468628256618,1.2915346004971784,1.2855167175649198,0.10435431557158287,0.43302457064238764,-1.159494024573294,1.3795910288623097,1.0,1.0995926775910885,0.6962783370127347,-0.13296142687033594,-0.3633580869809898,0.0,1.0,0.0,2.0738783426779124,1,test
Carlos Alcaraz,Taylor Fritz,S,12,0.0,1.0,0.3023285778117056,-2.0085656854780534,0.0,-4.251429162798826e-05,-1.2643504006516997,-0.010423097359022127,0.13112112694809253,0.22489038656099572,2.505094665794713,2.3770285633027965,-1.3445459206239814,0.6081434095788608,0.5796862210877255,1.8477582506643322,0.0,1.8577750442702379,0.69817843656032,0.5037814567329589,-1.0195378530044328,0.3688092115622119,2.1418235640945915,0.8660811722939018,-1.3838218559821422,1.715922097158725,-0.559513137172603,-0.21688456070609224,0.0,5.079366963968459,1.152191017471198,2.0006201756479705,-0.3633580869809898,0.0,1.0,0.0,2.0738783426779124,2,test
Novak Djokovic,Jannik Sinner,S,12,0.0,1.0,2.6820451409441386,-0.15148323359866034,0.0,-4.251429162798826e-05,-1.2643504006516997,-0.010423097359022127,-0.6058384680792737,0.3422952867610182,2.4305080744996257,2.28275835032474,-1.7272589361990527,1.545613895025233,-0.362572864135492,1.0493139865290093,0.0,9.274583801269943,2.0645426751113254,1.0561836609508424,2.87524246436904,0.26072976345985066,1.544532085880438,0.37638068730369856,-0.5728032989159646,1.9903958760972487,3.3494737017754317,0.5813532340781087,0.0,3.846317238488291,1.6081036979296612,1.8471838816796329,-0.3633580869809898,0.0,1.0,0.0,2.0738783426779124,1,test
Carlos Alcaraz,Jannik Sinner,F,14,0.0,1.0,3.4752839953216164,-0.5228997239745389,0.0,-4.251429162798826e-05,-1.2643504006516997,-0.010423097359022127,-0.6058384680792737,0.3422952867610182,2.4305080744996257,2.28275835032474,-1.7272589361990527,1.545613895025233,-0.362572864135492,1.0493139865290093,0.0,9.274583801269943,2.0645426751113254,1.0561836609508424,-1.0195378530044328,0.3688092115622119,2.1418235640945915,0.8660811722939018,-1.3838218559821422,1.715922097158725,-0.559513137172603,-0.21688456070609224,0.0,5.079366963968459,1.152191017471198,2.0006201756479705,-0.3633580869809898,0.0,1.0,0.0,2.0738783426779124,1,test
