Prediction Confidence (%),True Label,Predicted Label,Result
39.119156,1,0,WRONG
77.155876,1,1,CORRECT
69.7142,1,1,CORRECT
17.535807,0,0,CORRECT
49.302216,1,0,WRONG
69.60713,1,1,CORRECT
72.579094,1,1,CORRECT
21.916666,0,0,CORRECT
60.847126,0,1,WRONG
50.76171,0,1,WRONG
66.39668,1,1,CORRECT
66.78548,0,1,WRONG
64.81258,0,1,WRONG
50.35251,1,1,CORRECT
69.425835,1,1,CORRECT
22.76223,0,0,CORRECT
43.72658,0,0,CORRECT
38.594666,1,0,WRONG
64.60757,0,1,WRONG
31.353218,1,0,WRONG
38.93164,0,0,CORRECT
57.724808,1,1,CORRECT
29.32869,1,0,WRONG
63.84149,0,1,WRONG
66.79911,0,1,WRONG
51.293106,0,1,WRONG
31.28572,0,0,CORRECT
34.815117,1,0,WRONG
49.439384,1,0,WRONG
32.66683,0,0,CORRECT
28.201422,0,0,CORRECT
52.498127,1,1,CORRECT
64.680954,1,1,CORRECT
39.81583,1,0,WRONG
22.642988,0,0,CORRECT
37.975574,0,0,CORRECT
80.0235,0,1,WRONG
46.998688,1,0,WRONG
32.428513,1,0,WRONG
20.480701,0,0,CORRECT
63.585823,1,1,CORRECT
11.585763,0,0,CORRECT
77.10191,1,1,CORRECT
79.82971,1,1,CORRECT
61.3021,1,1,CORRECT
49.565853,0,0,CORRECT
58.85744,0,1,WRONG
41.545334,0,0,CORRECT
29.723766,0,0,CORRECT
78.489426,1,1,CORRECT
38.948437,1,0,WRONG
89.890686,1,1,CORRECT
6.0279284,0,0,CORRECT
56.3335,0,1,WRONG
29.745861,0,0,CORRECT
37.509876,0,0,CORRECT
15.033868,0,0,CORRECT
87.135765,1,1,CORRECT
45.137383,1,0,WRONG
77.311935,1,1,CORRECT
76.86333,0,1,WRONG
42.529488,0,0,CORRECT
49.160187,1,0,WRONG
85.016335,1,1,CORRECT
27.964401,0,0,CORRECT
69.12624,1,1,CORRECT
35.01321,1,0,WRONG
46.137573,1,0,WRONG
67.96623,0,1,WRONG
62.322807,0,1,WRONG
73.26544,0,1,WRONG
42.48299,1,0,WRONG
47.08739,0,0,CORRECT
59.75979,1,1,CORRECT
44.158997,0,0,CORRECT
39.85864,0,0,CORRECT
66.00569,0,1,WRONG
22.10131,0,0,CORRECT
52.194447,1,1,CORRECT
56.78675,0,1,WRONG
52.328587,1,1,CORRECT
54.27968,1,1,CORRECT
55.709213,1,1,CORRECT
55.604862,0,1,WRONG
47.09423,1,0,WRONG
26.385826,1,0,WRONG
50.55684,0,1,WRONG
33.640434,0,0,CORRECT
53.30897,0,1,WRONG
80.97918,1,1,CORRECT
49.01083,1,0,WRONG
38.02882,0,0,CORRECT
60.272568,1,1,CORRECT
42.556435,1,0,WRONG
39.485596,0,0,CORRECT
37.026165,0,0,CORRECT
59.655655,1,1,CORRECT
65.19195,0,1,WRONG
50.833637,1,1,CORRECT
39.19507,1,0,WRONG
53.02375,1,1,CORRECT
51.788445,1,1,CORRECT
73.08355,1,1,CORRECT
40.991096,1,0,WRONG
52.187275,1,1,CORRECT
48.26966,0,0,CORRECT
71.756485,1,1,CORRECT
49.112328,1,0,WRONG
60.11134,1,1,CORRECT
48.243694,0,0,CORRECT
72.808495,0,1,WRONG
59.926414,0,1,WRONG
72.43507,1,1,CORRECT
51.15561,0,1,WRONG
57.276142,1,1,CORRECT
64.05104,0,1,WRONG
26.610453,0,0,CORRECT
60.030792,0,1,WRONG
29.955986,1,0,WRONG
58.787643,0,1,WRONG
37.674934,0,0,CORRECT
59.322346,0,1,WRONG
43.59661,1,0,WRONG
31.154009,0,0,CORRECT
42.385296,0,0,CORRECT
51.821854,0,1,WRONG
59.696526,1,1,CORRECT
46.491898,0,0,CORRECT
46.63768,1,0,WRONG
26.415712,0,0,CORRECT
34.45114,0,0,CORRECT
52.155506,0,1,WRONG
55.704456,1,1,CORRECT
41.09589,1,0,WRONG
47.322914,1,0,WRONG
46.670776,1,0,WRONG
94.91519,1,1,CORRECT
67.28175,1,1,CORRECT
44.00878,1,0,WRONG
61.64406,1,1,CORRECT
63.991516,1,1,CORRECT
41.461678,1,0,WRONG
53.219543,1,1,CORRECT
24.951462,0,0,CORRECT
21.33407,0,0,CORRECT
44.234863,1,0,WRONG
21.220823,0,0,CORRECT
69.130486,1,1,CORRECT
59.465664,1,1,CORRECT
49.503933,0,0,CORRECT
84.32381,1,1,CORRECT
11.48425,0,0,CORRECT
42.01563,1,0,WRONG
42.81313,0,0,CORRECT
40.576153,0,0,CORRECT
63.643826,1,1,CORRECT
41.71248,0,0,CORRECT
40.485218,1,0,WRONG
28.11407,0,0,CORRECT
16.020554,0,0,CORRECT
68.3708,1,1,CORRECT
57.072144,1,1,CORRECT
70.59576,0,1,WRONG
71.56872,1,1,CORRECT
44.547943,0,0,CORRECT
58.905758,1,1,CORRECT
13.777363,0,0,CORRECT
80.44381,1,1,CORRECT
63.136356,0,1,WRONG
70.22441,1,1,CORRECT
46.884987,0,0,CORRECT
24.690598,0,0,CORRECT
40.73618,0,0,CORRECT
48.24399,0,0,CORRECT
84.83498,1,1,CORRECT
23.45066,0,0,CORRECT
58.730846,0,1,WRONG
42.28096,0,0,CORRECT
29.40946,0,0,CORRECT
68.322296,1,1,CORRECT
39.656635,1,0,WRONG
65.33329,1,1,CORRECT
6.9652677,0,0,CORRECT
17.068499,0,0,CORRECT
37.04949,0,0,CORRECT
35.303776,0,0,CORRECT
67.40318,1,1,CORRECT
67.21219,1,1,CORRECT
42.18287,1,0,WRONG
32.131298,0,0,CORRECT
22.276897,0,0,CORRECT
22.868643,0,0,CORRECT
41.9425,0,0,CORRECT
58.991314,1,1,CORRECT
60.55745,1,1,CORRECT
71.57101,0,1,WRONG
37.37343,1,0,WRONG
53.56032,1,1,CORRECT
94.70661,1,1,CORRECT
91.50016,1,1,CORRECT
32.665016,0,0,CORRECT
35.517044,0,0,CORRECT
72.533585,1,1,CORRECT
20.44249,0,0,CORRECT
34.19166,1,0,WRONG
34.454727,1,0,WRONG
79.51626,1,1,CORRECT
7.7773056,0,0,CORRECT
35.32774,0,0,CORRECT
70.04645,0,1,WRONG
75.915184,1,1,CORRECT
28.63515,0,0,CORRECT
44.70487,1,0,WRONG
68.927795,1,1,CORRECT
19.793827,0,0,CORRECT
84.00995,0,1,WRONG
47.670902,1,0,WRONG
34.477398,0,0,CORRECT
17.518951,0,0,CORRECT
73.43995,1,1,CORRECT
63.255566,0,1,WRONG
72.30092,1,1,CORRECT
88.59924,1,1,CORRECT
86.00666,1,1,CORRECT
33.38463,1,0,WRONG
67.431175,1,1,CORRECT
72.10831,1,1,CORRECT
27.590233,0,0,CORRECT
57.372494,0,1,WRONG
44.215332,0,0,CORRECT
91.05143,1,1,CORRECT
7.804689,0,0,CORRECT
58.420624,0,1,WRONG
74.53408,1,1,CORRECT
81.6571,1,1,CORRECT
15.306775,0,0,CORRECT
73.21373,1,1,CORRECT
78.46675,1,1,CORRECT
23.483969,0,0,CORRECT
65.93084,0,1,WRONG
36.29752,0,0,CORRECT
24.63636,1,0,WRONG
12.119306,0,0,CORRECT
15.986254,0,0,CORRECT
61.67711,0,1,WRONG
72.19531,0,1,WRONG
5.3449383,0,0,CORRECT
13.31556,0,0,CORRECT
40.218414,1,0,WRONG
72.04672,1,1,CORRECT
60.24071,1,1,CORRECT
81.55092,1,1,CORRECT
8.894544,0,0,CORRECT
28.84139,0,0,CORRECT
91.619286,1,1,CORRECT
78.35859,1,1,CORRECT
55.543095,1,1,CORRECT
29.821133,0,0,CORRECT
65.526794,0,1,WRONG
38.406216,1,0,WRONG
35.597725,0,0,CORRECT
53.53455,0,1,WRONG
54.45925,1,1,CORRECT
76.77107,0,1,WRONG
48.17283,0,0,CORRECT
84.32003,1,1,CORRECT
56.615128,1,1,CORRECT
69.721405,1,1,CORRECT
39.013058,0,0,CORRECT
84.71226,1,1,CORRECT
57.472336,0,1,WRONG
37.878677,0,0,CORRECT
40.45031,0,0,CORRECT
53.015156,1,1,CORRECT
62.67622,1,1,CORRECT
38.986977,0,0,CORRECT
27.330355,0,0,CORRECT
45.764412,0,0,CORRECT
49.124218,0,0,CORRECT
37.01776,0,0,CORRECT
54.17307,0,1,WRONG
58.2622,0,1,WRONG
46.926735,0,0,CORRECT
43.307884,1,0,WRONG
63.505657,1,1,CORRECT
44.625637,0,0,CORRECT
65.83992,1,1,CORRECT
60.39837,1,1,CORRECT
42.48185,1,0,WRONG
59.094566,1,1,CORRECT
57.101543,0,1,WRONG
29.110209,1,0,WRONG
63.330704,0,1,WRONG
70.49286,0,1,WRONG
43.649967,1,0,WRONG
63.01871,1,1,CORRECT
30.25429,1,0,WRONG
63.524635,0,1,WRONG
31.277859,0,0,CORRECT
49.027252,0,0,CORRECT
40.067924,0,0,CORRECT
36.786877,1,0,WRONG
48.90872,1,0,WRONG
71.46427,1,1,CORRECT
50.41007,1,1,CORRECT
55.451584,0,1,WRONG
55.06255,1,1,CORRECT
49.205597,0,0,CORRECT
42.14123,1,0,WRONG
37.04942,1,0,WRONG
45.9786,0,0,CORRECT
53.70528,1,1,CORRECT
51.30239,0,1,WRONG
47.28099,0,0,CORRECT
64.74583,1,1,CORRECT
40.428898,1,0,WRONG
28.109821,0,0,CORRECT
65.01316,0,1,WRONG
46.89194,0,0,CORRECT
27.720863,1,0,WRONG
32.263054,0,0,CORRECT
66.412254,1,1,CORRECT
28.863155,0,0,CORRECT
67.89375,1,1,CORRECT
42.836285,1,0,WRONG
64.86102,1,1,CORRECT
67.26539,0,1,WRONG
33.525974,0,0,CORRECT
73.60983,1,1,CORRECT
47.579735,0,0,CORRECT
29.277578,0,0,CORRECT
30.14372,0,0,CORRECT
59.95404,1,1,CORRECT
70.35616,1,1,CORRECT
45.929905,1,0,WRONG
52.372498,1,1,CORRECT
73.55132,1,1,CORRECT
72.17272,1,1,CORRECT
49.982624,1,0,WRONG
53.365875,1,1,CORRECT
54.00823,1,1,CORRECT
39.660393,0,0,CORRECT
42.242725,0,0,CORRECT
39.77265,1,0,WRONG
64.6592,0,1,WRONG
55.837692,1,1,CORRECT
78.60767,1,1,CORRECT
45.368988,0,0,CORRECT
64.22176,1,1,CORRECT
22.095533,0,0,CORRECT
77.361336,1,1,CORRECT
61.458225,0,1,WRONG
27.775053,0,0,CORRECT
38.764675,0,0,CORRECT
38.64764,1,0,WRONG
74.10986,1,1,CORRECT
35.142345,1,0,WRONG
32.586918,0,0,CORRECT
63.287086,1,1,CORRECT
54.491413,1,1,CORRECT
28.929012,0,0,CORRECT
43.110065,0,0,CORRECT
51.661682,1,1,CORRECT
29.632044,0,0,CORRECT
31.111187,0,0,CORRECT
38.35817,0,0,CORRECT
49.118702,0,0,CORRECT
70.40627,1,1,CORRECT
48.201263,0,0,CORRECT
69.258156,1,1,CORRECT
39.810833,0,0,CORRECT
22.958267,0,0,CORRECT
45.21347,0,0,CORRECT
20.473988,0,0,CORRECT
41.31991,0,0,CORRECT
30.976307,0,0,CORRECT
68.832375,1,1,CORRECT
24.580366,0,0,CORRECT
58.867134,0,1,WRONG
38.286465,1,0,WRONG
51.043774,1,1,CORRECT
37.451042,0,0,CORRECT
28.59904,0,0,CORRECT
38.93549,0,0,CORRECT
77.58143,1,1,CORRECT
57.78731,1,1,CORRECT
55.527832,1,1,CORRECT
58.970303,1,1,CORRECT
59.117615,1,1,CORRECT
59.967857,0,1,WRONG
34.40699,1,0,WRONG
54.41366,1,1,CORRECT
44.29655,1,0,WRONG
56.212204,1,1,CORRECT
64.7978,0,1,WRONG
52.82337,1,1,CORRECT
41.05558,1,0,WRONG
28.433823,1,0,WRONG
12.754949,1,0,WRONG
37.986347,0,0,CORRECT
4.6717987,0,0,CORRECT
45.723125,0,0,CORRECT
45.56352,0,0,CORRECT
69.89132,0,1,WRONG
95.3127,1,1,CORRECT
31.865692,1,0,WRONG
69.10922,1,1,CORRECT
31.426716,0,0,CORRECT
42.3794,1,0,WRONG
64.571045,0,1,WRONG
61.72305,1,1,CORRECT
71.86195,0,1,WRONG
46.882576,1,0,WRONG
61.213284,0,1,WRONG
76.89344,1,1,CORRECT
54.133957,0,1,WRONG
62.113182,1,1,CORRECT
32.49285,0,0,CORRECT
36.57422,1,0,WRONG
44.356216,0,0,CORRECT
40.425827,1,0,WRONG
34.742893,0,0,CORRECT
42.581776,0,0,CORRECT
66.48308,0,1,WRONG
71.94975,1,1,CORRECT
86.40737,1,1,CORRECT
44.842007,0,0,CORRECT
5.839215,0,0,CORRECT
56.151127,1,1,CORRECT
26.225536,0,0,CORRECT
37.525974,1,0,WRONG
92.34525,1,1,CORRECT
77.73658,0,1,WRONG
28.747753,1,0,WRONG
55.883293,0,1,WRONG
75.06097,1,1,CORRECT
21.347176,1,0,WRONG
18.604275,0,0,CORRECT
74.089615,1,1,CORRECT
90.77033,1,1,CORRECT
45.98054,0,0,CORRECT
40.76515,1,0,WRONG
55.370026,1,1,CORRECT
26.872343,0,0,CORRECT
45.412792,1,0,WRONG
45.53123,1,0,WRONG
31.93427,1,0,WRONG
69.780846,1,1,CORRECT
40.299675,1,0,WRONG
50.147923,0,1,WRONG
77.71084,1,1,CORRECT
31.559649,0,0,CORRECT
57.17273,0,1,WRONG
27.1887,0,0,CORRECT
11.625323,0,0,CORRECT
26.700193,0,0,CORRECT
51.95572,0,1,WRONG
62.929768,1,1,CORRECT
85.012596,0,1,WRONG
69.52241,0,1,WRONG
37.869835,1,0,WRONG
33.786255,0,0,CORRECT
88.34316,1,1,CORRECT
50.56141,1,1,CORRECT
30.652994,0,0,CORRECT
59.73923,0,1,WRONG
65.694466,1,1,CORRECT
69.20568,1,1,CORRECT
43.809277,0,0,CORRECT
32.00484,0,0,CORRECT
68.13377,0,1,WRONG
51.269085,0,1,WRONG
65.64166,0,1,WRONG
50.770092,0,1,WRONG
47.38213,1,0,WRONG
39.28307,1,0,WRONG
52.470634,0,1,WRONG
65.6613,1,1,CORRECT
58.101665,1,1,CORRECT
38.961216,1,0,WRONG
35.119663,0,0,CORRECT
62.820477,1,1,CORRECT
72.45899,0,1,WRONG
81.81306,0,1,WRONG
46.333233,0,0,CORRECT
12.408754,0,0,CORRECT
51.02604,0,1,WRONG
26.49793,0,0,CORRECT
20.157776,0,0,CORRECT
14.105603,0,0,CORRECT
46.64761,1,0,WRONG
76.00043,0,1,WRONG
39.58284,0,0,CORRECT
50.29104,0,1,WRONG
25.740952,0,0,CORRECT
54.879517,0,1,WRONG
22.447676,0,0,CORRECT
56.13814,0,1,WRONG
38.315903,1,0,WRONG
46.01603,1,0,WRONG
37.254013,0,0,CORRECT
56.596954,1,1,CORRECT
72.37322,1,1,CORRECT
46.851128,1,0,WRONG
53.20263,1,1,CORRECT
49.90013,0,0,CORRECT
55.22101,0,1,WRONG
63.77203,1,1,CORRECT
31.565067,0,0,CORRECT
31.240133,0,0,CORRECT
45.192303,1,0,WRONG
26.427122,1,0,WRONG
29.555523,0,0,CORRECT
31.876934,0,0,CORRECT
39.097847,0,0,CORRECT
65.25092,1,1,CORRECT
44.46021,0,0,CORRECT
55.708344,1,1,CORRECT
27.72036,0,0,CORRECT
40.469597,1,0,WRONG
61.58074,0,1,WRONG
57.344513,0,1,WRONG
49.69054,0,0,CORRECT
69.47857,1,1,CORRECT
95.447624,0,1,WRONG
41.971798,1,0,WRONG
37.02556,0,0,CORRECT
66.789604,1,1,CORRECT
27.250198,0,0,CORRECT
45.10628,1,0,WRONG
49.9376,1,0,WRONG
63.899117,1,1,CORRECT
24.29935,1,0,WRONG
47.415813,1,0,WRONG
52.46674,1,1,CORRECT
68.37241,0,1,WRONG
58.722286,0,1,WRONG
41.791092,1,0,WRONG
43.812458,0,0,CORRECT
23.224874,0,0,CORRECT
47.079834,1,0,WRONG
73.28724,1,1,CORRECT
43.07727,1,0,WRONG
47.039013,0,0,CORRECT
45.739235,0,0,CORRECT
58.204586,1,1,CORRECT
21.428753,0,0,CORRECT
49.996372,0,0,CORRECT
36.28864,0,0,CORRECT
26.742136,0,0,CORRECT
23.173473,0,0,CORRECT
23.573744,0,0,CORRECT
63.842815,1,1,CORRECT
28.769424,1,0,WRONG
82.82778,1,1,CORRECT
82.8972,0,1,WRONG
35.17475,0,0,CORRECT
55.648758,0,1,WRONG
65.39343,0,1,WRONG
76.73221,1,1,CORRECT
73.60755,1,1,CORRECT
38.340313,1,0,WRONG
72.84199,1,1,CORRECT
69.33781,1,1,CORRECT
64.4536,1,1,CORRECT
29.457045,0,0,CORRECT
26.151825,1,0,WRONG
68.11333,1,1,CORRECT
41.11062,0,0,CORRECT
60.590607,0,1,WRONG
16.864973,0,0,CORRECT
44.700985,0,0,CORRECT
80.61011,0,1,WRONG
25.3187,1,0,WRONG
12.105295,0,0,CORRECT
37.56967,1,0,WRONG
42.331417,0,0,CORRECT
77.183876,1,1,CORRECT
9.243093,0,0,CORRECT
36.62128,0,0,CORRECT
78.12761,1,1,CORRECT
69.38035,1,1,CORRECT
53.162945,1,1,CORRECT
34.61558,1,0,WRONG
61.467396,1,1,CORRECT
13.445316,0,0,CORRECT
8.621687,0,0,CORRECT
40.98551,0,0,CORRECT
42.724995,1,0,WRONG
39.265285,0,0,CORRECT
30.45018,0,0,CORRECT
42.94574,0,0,CORRECT
45.142048,0,0,CORRECT
29.526237,0,0,CORRECT
34.52664,0,0,CORRECT
25.668892,0,0,CORRECT
36.997616,0,0,CORRECT
70.57816,1,1,CORRECT
34.754475,1,0,WRONG
56.96849,1,1,CORRECT
33.593796,1,0,WRONG
81.03322,1,1,CORRECT
61.82904,1,1,CORRECT
57.185364,1,1,CORRECT
72.13607,1,1,CORRECT
70.1322,0,1,WRONG
43.70698,0,0,CORRECT
65.03502,0,1,WRONG
31.789026,0,0,CORRECT
71.801216,1,1,CORRECT
41.230152,1,0,WRONG
37.906372,0,0,CORRECT
54.878216,1,1,CORRECT
36.069332,1,0,WRONG
40.208878,0,0,CORRECT
36.847275,0,0,CORRECT
26.929155,0,0,CORRECT
48.051018,1,0,WRONG
39.2196,0,0,CORRECT
52.731037,0,1,WRONG
52.72403,0,1,WRONG
32.567345,0,0,CORRECT
55.983482,0,1,WRONG
56.96601,1,1,CORRECT
58.981113,1,1,CORRECT
38.428017,0,0,CORRECT
39.414032,0,0,CORRECT
52.490902,1,1,CORRECT
47.797756,1,0,WRONG
55.494987,1,1,CORRECT
78.19716,1,1,CORRECT
51.825287,0,1,WRONG
38.41025,1,0,WRONG
62.961533,1,1,CORRECT
87.86838,1,1,CORRECT
60.651062,1,1,CORRECT
24.613483,0,0,CORRECT
77.66783,1,1,CORRECT
26.449368,0,0,CORRECT
42.27693,0,0,CORRECT
69.91924,0,1,WRONG
17.621086,0,0,CORRECT
39.02867,0,0,CORRECT
7.1678615,0,0,CORRECT
5.7317905,1,0,WRONG
43.949818,1,0,WRONG
26.54755,0,0,CORRECT
60.06973,0,1,WRONG
84.668724,1,1,CORRECT
59.533215,1,1,CORRECT
39.01917,0,0,CORRECT
29.766644,0,0,CORRECT
77.0742,0,1,WRONG
38.92819,0,0,CORRECT
51.461178,1,1,CORRECT
12.66053,0,0,CORRECT
76.137215,1,1,CORRECT
60.200565,1,1,CORRECT
52.982647,1,1,CORRECT
88.278946,1,1,CORRECT
91.27636,1,1,CORRECT
60.13773,0,1,WRONG
30.177912,0,0,CORRECT
19.71427,0,0,CORRECT
81.91743,1,1,CORRECT
43.552826,1,0,WRONG
55.909306,1,1,CORRECT
77.59075,0,1,WRONG
90.19841,1,1,CORRECT
55.71234,1,1,CORRECT
36.583763,0,0,CORRECT
74.91266,1,1,CORRECT
70.389084,1,1,CORRECT
25.723576,0,0,CORRECT
67.02689,1,1,CORRECT
87.63412,1,1,CORRECT
84.45366,1,1,CORRECT
61.871674,1,1,CORRECT
69.65178,1,1,CORRECT
85.274055,1,1,CORRECT
68.099335,1,1,CORRECT
60.921745,1,1,CORRECT
48.69402,0,0,CORRECT
6.6868453,0,0,CORRECT
84.33741,1,1,CORRECT
61.216034,1,1,CORRECT
72.26773,1,1,CORRECT
78.1185,1,1,CORRECT
26.908401,1,0,WRONG
38.41461,1,0,WRONG
68.676926,1,1,CORRECT
7.8857055,0,0,CORRECT
42.54792,0,0,CORRECT
59.00358,1,1,CORRECT
44.77789,0,0,CORRECT
45.55747,0,0,CORRECT
54.88877,1,1,CORRECT
42.379074,0,0,CORRECT
47.598236,1,0,WRONG
53.619873,0,1,WRONG
56.693737,0,1,WRONG
46.60759,0,0,CORRECT
60.79662,1,1,CORRECT
45.27917,0,0,CORRECT
53.716827,1,1,CORRECT
48.59539,1,0,WRONG
54.967022,0,1,WRONG
40.93441,1,0,WRONG
44.341915,0,0,CORRECT
37.950737,1,0,WRONG
58.072662,0,1,WRONG
29.112583,1,0,WRONG
30.201637,0,0,CORRECT
53.082973,1,1,CORRECT
48.907166,0,0,CORRECT
44.428482,1,0,WRONG
59.29277,0,1,WRONG
54.38131,1,1,CORRECT
34.61579,1,0,WRONG
50.951588,0,1,WRONG
56.44418,1,1,CORRECT
39.50458,0,0,CORRECT
43.23817,0,0,CORRECT
58.072643,1,1,CORRECT
25.75789,0,0,CORRECT
62.4632,0,1,WRONG
49.539257,0,0,CORRECT
24.355707,1,0,WRONG
82.29348,1,1,CORRECT
82.82752,1,1,CORRECT
90.82788,1,1,CORRECT
86.518654,1,1,CORRECT
54.239613,0,1,WRONG
32.370018,0,0,CORRECT
24.31276,1,0,WRONG
67.41196,0,1,WRONG
11.234867,0,0,CORRECT
45.125122,1,0,WRONG
8.076547,0,0,CORRECT
91.99373,1,1,CORRECT
55.28087,0,1,WRONG
25.162262,0,0,CORRECT
67.77514,1,1,CORRECT
19.053848,0,0,CORRECT
52.716606,1,1,CORRECT
31.409445,0,0,CORRECT
51.53668,0,1,WRONG
30.298334,0,0,CORRECT
64.142525,1,1,CORRECT
66.85482,0,1,WRONG
86.77307,1,1,CORRECT
57.505447,1,1,CORRECT
61.30049,1,1,CORRECT
40.464046,0,0,CORRECT
11.018285,0,0,CORRECT
7.812148,0,0,CORRECT
46.03365,1,0,WRONG
40.12596,0,0,CORRECT
78.96728,1,1,CORRECT
67.961044,1,1,CORRECT
62.0242,0,1,WRONG
70.3257,1,1,CORRECT
22.865953,0,0,CORRECT
79.265305,1,1,CORRECT
58.84182,1,1,CORRECT
37.04671,0,0,CORRECT
64.285934,1,1,CORRECT
12.691036,0,0,CORRECT
45.04229,0,0,CORRECT
42.640038,1,0,WRONG
79.39165,0,1,WRONG
78.86734,1,1,CORRECT
30.10868,0,0,CORRECT
54.218666,1,1,CORRECT
76.83451,0,1,WRONG
72.464455,1,1,CORRECT
33.439705,1,0,WRONG
44.422245,0,0,CORRECT
91.13466,1,1,CORRECT
81.95599,0,1,WRONG
64.541405,0,1,WRONG
35.793747,1,0,WRONG
80.72181,0,1,WRONG
20.251501,1,0,WRONG
30.962053,1,0,WRONG
57.169388,1,1,CORRECT
93.375084,1,1,CORRECT
48.5822,1,0,WRONG
52.08667,0,1,WRONG
32.66642,0,0,CORRECT
63.605434,0,1,WRONG
41.96035,0,0,CORRECT
46.396847,1,0,WRONG
56.34625,0,1,WRONG
43.437023,0,0,CORRECT
31.132273,0,0,CORRECT
49.396202,1,0,WRONG
74.13179,1,1,CORRECT
66.33536,1,1,CORRECT
31.620275,1,0,WRONG
62.15893,1,1,CORRECT
44.437508,0,0,CORRECT
59.960896,1,1,CORRECT
52.428425,0,1,WRONG
58.127754,0,1,WRONG
59.53761,1,1,CORRECT
49.174576,1,0,WRONG
50.965073,0,1,WRONG
49.105106,1,0,WRONG
40.257324,0,0,CORRECT
44.87406,1,0,WRONG
67.39018,1,1,CORRECT
56.805687,1,1,CORRECT
50.675095,0,1,WRONG
39.383812,1,0,WRONG
34.050938,1,0,WRONG
58.95855,1,1,CORRECT
38.577812,0,0,CORRECT
43.310295,1,0,WRONG
78.65489,1,1,CORRECT
20.134392,1,0,WRONG
81.4441,1,1,CORRECT
19.401636,0,0,CORRECT
37.281918,0,0,CORRECT
60.53385,0,1,WRONG
17.114534,0,0,CORRECT
19.486998,0,0,CORRECT
57.949184,0,1,WRONG
41.90834,1,0,WRONG
42.15368,0,0,CORRECT
30.710815,1,0,WRONG
32.675285,1,0,WRONG
62.295662,1,1,CORRECT
83.642006,1,1,CORRECT
55.066525,1,1,CORRECT
47.886703,1,0,WRONG
39.383026,0,0,CORRECT
45.560925,1,0,WRONG
57.443935,0,1,WRONG
65.96288,0,1,WRONG
75.98897,1,1,CORRECT
42.708157,1,0,WRONG
31.924105,0,0,CORRECT
38.97336,1,0,WRONG
43.99662,1,0,WRONG
50.788628,0,1,WRONG
39.69784,0,0,CORRECT
61.284298,1,1,CORRECT
65.69642,1,1,CORRECT
74.33178,1,1,CORRECT
68.88633,1,1,CORRECT
36.758648,0,0,CORRECT
49.152046,0,0,CORRECT
76.823875,1,1,CORRECT
49.704613,1,0,WRONG
33.987488,0,0,CORRECT
56.646347,0,1,WRONG
62.275253,1,1,CORRECT
73.72869,1,1,CORRECT
56.92181,1,1,CORRECT
65.03845,0,1,WRONG
51.71639,1,1,CORRECT
54.1346,1,1,CORRECT
59.34697,0,1,WRONG
39.436363,0,0,CORRECT
49.55617,1,0,WRONG
41.412468,1,0,WRONG
29.00077,0,0,CORRECT
49.396294,0,0,CORRECT
44.15143,0,0,CORRECT
54.26216,1,1,CORRECT
61.866917,1,1,CORRECT
33.219208,0,0,CORRECT
43.271503,1,0,WRONG
53.94388,0,1,WRONG
37.713234,1,0,WRONG
65.88558,1,1,CORRECT
60.680206,1,1,CORRECT
60.784035,0,1,WRONG
45.992397,0,0,CORRECT
68.65455,0,1,WRONG
52.21178,0,1,WRONG
48.542274,1,0,WRONG
51.255894,0,1,WRONG
42.582424,1,0,WRONG
42.629734,0,0,CORRECT
64.974815,1,1,CORRECT
57.136864,0,1,WRONG
58.555447,0,1,WRONG
70.97202,1,1,CORRECT
30.755585,0,0,CORRECT
40.94497,0,0,CORRECT
60.26378,0,1,WRONG
31.833866,1,0,WRONG
64.39823,0,1,WRONG
50.007843,0,1,WRONG
48.897633,0,0,CORRECT
63.855053,1,1,CORRECT
48.277084,0,0,CORRECT
46.30231,0,0,CORRECT
47.314037,1,0,WRONG
26.365768,1,0,WRONG
74.722664,0,1,WRONG
71.0002,1,1,CORRECT
56.936924,1,1,CORRECT
39.900692,0,0,CORRECT
30.42663,0,0,CORRECT
8.617172,0,0,CORRECT
26.595446,0,0,CORRECT
25.570446,0,0,CORRECT
49.021057,0,0,CORRECT
59.215343,0,1,WRONG
19.44385,1,0,WRONG
51.941364,1,1,CORRECT
11.019013,0,0,CORRECT
91.04832,1,1,CORRECT
54.08998,1,1,CORRECT
32.021286,0,0,CORRECT
18.805687,1,0,WRONG
58.52948,0,1,WRONG
27.246443,0,0,CORRECT
17.5744,0,0,CORRECT
72.394745,1,1,CORRECT
15.864534,0,0,CORRECT
29.970247,0,0,CORRECT
44.737457,0,0,CORRECT
89.211586,1,1,CORRECT
17.967419,0,0,CORRECT
74.02692,1,1,CORRECT
48.97608,0,0,CORRECT
89.3568,1,1,CORRECT
58.794426,1,1,CORRECT
37.288734,0,0,CORRECT
37.94628,1,0,WRONG
20.769531,0,0,CORRECT
35.2189,0,0,CORRECT
33.80828,0,0,CORRECT
58.134716,1,1,CORRECT
53.56034,1,1,CORRECT
75.221375,1,1,CORRECT
71.72234,1,1,CORRECT
33.76463,1,0,WRONG
41.43133,0,0,CORRECT
43.623466,0,0,CORRECT
54.456245,0,1,WRONG
71.35473,1,1,CORRECT
37.31161,0,0,CORRECT
62.397038,1,1,CORRECT
51.11894,1,1,CORRECT
35.383614,1,0,WRONG
45.50823,0,0,CORRECT
17.371712,0,0,CORRECT
61.640854,0,1,WRONG
40.76231,1,0,WRONG
46.678986,0,0,CORRECT
49.096424,0,0,CORRECT
80.93072,1,1,CORRECT
72.32584,1,1,CORRECT
21.345537,0,0,CORRECT
35.046764,1,0,WRONG
24.062944,0,0,CORRECT
51.780136,1,1,CORRECT
42.57816,1,0,WRONG
17.862661,0,0,CORRECT
28.307781,1,0,WRONG
34.650314,1,0,WRONG
73.85298,1,1,CORRECT
24.426914,0,0,CORRECT
66.07756,1,1,CORRECT
35.827232,0,0,CORRECT
37.507458,0,0,CORRECT
43.085857,1,0,WRONG
30.903584,1,0,WRONG
76.96468,1,1,CORRECT
85.949356,1,1,CORRECT
38.10086,0,0,CORRECT
56.498955,1,1,CORRECT
23.579268,1,0,WRONG
60.53292,0,1,WRONG
21.159986,1,0,WRONG
59.703438,1,1,CORRECT
83.65937,1,1,CORRECT
48.644073,0,0,CORRECT
32.57265,0,0,CORRECT
72.867,1,1,CORRECT
80.47233,0,1,WRONG
58.41593,0,1,WRONG
29.685804,0,0,CORRECT
43.639572,0,0,CORRECT
55.32043,1,1,CORRECT
25.227097,1,0,WRONG
56.79322,0,1,WRONG
36.847706,0,0,CORRECT
64.9616,1,1,CORRECT
40.675182,0,0,CORRECT
35.734932,1,0,WRONG
48.890812,1,0,WRONG
50.158955,1,1,CORRECT
34.853043,1,0,WRONG
49.4664,1,0,WRONG
48.463737,1,0,WRONG
48.642597,0,0,CORRECT
64.86305,0,1,WRONG
76.56923,1,1,CORRECT
72.637436,0,1,WRONG
88.04057,0,1,WRONG
64.57944,1,1,CORRECT
53.072243,0,1,WRONG
84.01499,1,1,CORRECT
87.56512,1,1,CORRECT
36.949078,1,0,WRONG
18.640038,0,0,CORRECT
67.01721,1,1,CORRECT
65.45586,1,1,CORRECT
37.619446,0,0,CORRECT
59.662838,0,1,WRONG
81.867325,1,1,CORRECT
39.88918,1,0,WRONG
70.881546,1,1,CORRECT
40.829735,1,0,WRONG
43.864937,1,0,WRONG
46.12322,0,0,CORRECT
65.832466,1,1,CORRECT
62.82216,1,1,CORRECT
55.932064,0,1,WRONG
58.05714,1,1,CORRECT
44.88241,1,0,WRONG
44.174957,0,0,CORRECT
51.313133,1,1,CORRECT
38.858738,1,0,WRONG
67.04928,1,1,CORRECT
35.895107,1,0,WRONG
35.441666,1,0,WRONG
36.74039,1,0,WRONG
65.69774,1,1,CORRECT
49.70423,0,0,CORRECT
71.07498,1,1,CORRECT
45.75993,0,0,CORRECT
25.652075,1,0,WRONG
48.4748,1,0,WRONG
55.69336,1,1,CORRECT
38.71928,0,0,CORRECT
51.52451,0,1,WRONG
31.342539,1,0,WRONG
42.74104,0,0,CORRECT
48.4563,0,0,CORRECT
47.870087,0,0,CORRECT
58.824158,0,1,WRONG
37.150227,0,0,CORRECT
30.087059,0,0,CORRECT
34.65348,1,0,WRONG
38.296967,1,0,WRONG
44.438835,0,0,CORRECT
64.713806,1,1,CORRECT
40.519104,0,0,CORRECT
48.202564,0,0,CORRECT
71.763054,1,1,CORRECT
49.908764,0,0,CORRECT
41.48859,0,0,CORRECT
9.305375,1,0,WRONG
85.4489,0,1,WRONG
39.979683,0,0,CORRECT
66.86665,0,1,WRONG
16.010069,0,0,CORRECT
75.53501,0,1,WRONG
77.992645,1,1,CORRECT
22.555443,0,0,CORRECT
55.54839,0,1,WRONG
23.189178,1,0,WRONG
68.82565,1,1,CORRECT
88.54906,1,1,CORRECT
93.5518,1,1,CORRECT
67.673065,1,1,CORRECT
40.7532,0,0,CORRECT
24.715965,0,0,CORRECT
83.317345,1,1,CORRECT
41.36548,1,0,WRONG
67.059456,0,1,WRONG
28.942495,0,0,CORRECT
21.187485,0,0,CORRECT
42.574284,0,0,CORRECT
41.96741,1,0,WRONG
88.13719,1,1,CORRECT
27.765984,0,0,CORRECT
32.274975,1,0,WRONG
61.217915,0,1,WRONG
8.067146,0,0,CORRECT
93.043625,1,1,CORRECT
43.239967,1,0,WRONG
34.2437,1,0,WRONG
25.083807,0,0,CORRECT
74.06412,0,1,WRONG
45.74931,1,0,WRONG
67.85108,1,1,CORRECT
81.81106,1,1,CORRECT
11.671585,0,0,CORRECT
66.84147,1,1,CORRECT
71.01559,1,1,CORRECT
70.73745,1,1,CORRECT
85.561,0,1,WRONG
28.34144,1,0,WRONG
66.97739,1,1,CORRECT
82.72988,0,1,WRONG
71.72656,1,1,CORRECT
36.78051,1,0,WRONG
70.539215,1,1,CORRECT
27.476486,0,0,CORRECT
23.726566,0,0,CORRECT
55.72744,1,1,CORRECT
26.733612,1,0,WRONG
80.9289,1,1,CORRECT
82.54836,1,1,CORRECT
31.507502,0,0,CORRECT
32.18537,0,0,CORRECT
73.83078,1,1,CORRECT
19.734823,0,0,CORRECT
63.095062,1,1,CORRECT
36.90622,1,0,WRONG
8.237871,0,0,CORRECT
67.57121,1,1,CORRECT
58.948624,1,1,CORRECT
52.665554,0,1,WRONG
45.2068,1,0,WRONG
43.45844,0,0,CORRECT
31.81885,0,0,CORRECT
32.858555,1,0,WRONG
55.048668,0,1,WRONG
37.071224,0,0,CORRECT
47.03642,1,0,WRONG
52.230824,0,1,WRONG
43.307983,0,0,CORRECT
55.17186,0,1,WRONG
62.675327,0,1,WRONG
49.00659,1,0,WRONG
42.497215,1,0,WRONG
61.952835,1,1,CORRECT
65.30657,1,1,CORRECT
46.797283,0,0,CORRECT
48.071655,0,0,CORRECT
50.701653,1,1,CORRECT
42.366817,0,0,CORRECT
30.762009,1,0,WRONG
28.894897,0,0,CORRECT
32.658993,1,0,WRONG
43.228428,1,0,WRONG
56.156666,0,1,WRONG
50.038456,1,1,CORRECT
65.11911,0,1,WRONG
46.08084,1,0,WRONG
55.491108,0,1,WRONG
43.60192,0,0,CORRECT
74.71726,1,1,CORRECT
79.31984,1,1,CORRECT
41.79648,1,0,WRONG
38.231453,0,0,CORRECT
36.662422,0,0,CORRECT
67.23808,0,1,WRONG
39.810696,1,0,WRONG
57.90459,0,1,WRONG
37.00418,0,0,CORRECT
14.233239,0,0,CORRECT
48.242126,0,0,CORRECT
50.62864,1,1,CORRECT
26.739645,0,0,CORRECT
61.93444,1,1,CORRECT
75.65565,0,1,WRONG
89.90454,0,1,WRONG
46.670273,0,0,CORRECT
24.357506,1,0,WRONG
56.359375,0,1,WRONG
84.15265,1,1,CORRECT
33.199387,0,0,CORRECT
36.08909,0,0,CORRECT
77.71599,1,1,CORRECT
71.09924,1,1,CORRECT
38.95858,0,0,CORRECT
72.121284,1,1,CORRECT
85.81659,0,1,WRONG
67.850105,1,1,CORRECT
62.062584,0,1,WRONG
29.784647,0,0,CORRECT
91.743866,1,1,CORRECT
93.31046,1,1,CORRECT
35.528767,0,0,CORRECT
25.61349,0,0,CORRECT
67.363976,1,1,CORRECT
73.80234,1,1,CORRECT
35.277206,1,0,WRONG
61.43406,0,1,WRONG
17.680473,1,0,WRONG
86.1777,1,1,CORRECT
41.322914,1,0,WRONG
75.01619,0,1,WRONG
30.650288,1,0,WRONG
20.258854,0,0,CORRECT
62.08657,1,1,CORRECT
64.770226,0,1,WRONG
75.56896,1,1,CORRECT
76.86606,1,1,CORRECT
59.439457,1,1,CORRECT
74.07853,1,1,CORRECT
78.56734,1,1,CORRECT
38.623997,1,0,WRONG
55.61564,1,1,CORRECT
29.671377,1,0,WRONG
17.399338,0,0,CORRECT
85.47234,1,1,CORRECT
62.572884,1,1,CORRECT
29.57661,0,0,CORRECT
79.25433,1,1,CORRECT
74.29519,1,1,CORRECT
62.232,0,1,WRONG
33.84354,1,0,WRONG
11.478442,0,0,CORRECT
37.59252,1,0,WRONG
41.10064,1,0,WRONG
42.212273,0,0,CORRECT
41.2457,1,0,WRONG
52.78035,0,1,WRONG
56.677944,1,1,CORRECT
38.646698,1,0,WRONG
50.034725,1,1,CORRECT
35.62575,0,0,CORRECT
58.034092,1,1,CORRECT
36.029102,1,0,WRONG
50.17288,0,1,WRONG
46.066555,1,0,WRONG
55.973095,1,1,CORRECT
58.2555,0,1,WRONG
36.731297,1,0,WRONG
61.95221,1,1,CORRECT
49.56208,0,0,CORRECT
47.2869,0,0,CORRECT
50.4211,1,1,CORRECT
53.624695,0,1,WRONG
33.135605,0,0,CORRECT
42.68283,1,0,WRONG
49.582417,0,0,CORRECT
30.238338,1,0,WRONG
37.956776,0,0,CORRECT
60.303574,0,1,WRONG
47.037163,0,0,CORRECT
49.05567,1,0,WRONG
35.24428,0,0,CORRECT
62.184,0,1,WRONG
38.35777,0,0,CORRECT
21.751328,0,0,CORRECT
6.0274677,1,0,WRONG
19.682966,0,0,CORRECT
8.882639,0,0,CORRECT
46.707756,0,0,CORRECT
47.61935,0,0,CORRECT
64.35684,1,1,CORRECT
93.92712,1,1,CORRECT
66.52588,1,1,CORRECT
74.26626,0,1,WRONG
33.64829,0,0,CORRECT
47.150642,0,0,CORRECT
73.06751,0,1,WRONG
29.950718,0,0,CORRECT
78.419334,1,1,CORRECT
53.274166,1,1,CORRECT
46.26878,1,0,WRONG
58.276157,1,1,CORRECT
39.69365,0,0,CORRECT
53.42536,1,1,CORRECT
41.828327,1,0,WRONG
56.56484,0,1,WRONG
48.743073,1,0,WRONG
60.228165,1,1,CORRECT
73.17793,1,1,CORRECT
48.850334,1,0,WRONG
43.40985,0,0,CORRECT
64.614876,0,1,WRONG
56.482475,1,1,CORRECT
26.281458,1,0,WRONG
63.56082,1,1,CORRECT
40.12011,0,0,CORRECT
48.836056,1,0,WRONG
30.052227,0,0,CORRECT
24.789547,1,0,WRONG
61.98579,1,1,CORRECT
40.04347,1,0,WRONG
31.701344,1,0,WRONG
49.729855,1,0,WRONG
28.36964,1,0,WRONG
58.112274,1,1,CORRECT
73.252014,1,1,CORRECT
56.722015,1,1,CORRECT
52.131237,0,1,WRONG
75.14428,1,1,CORRECT
37.761513,0,0,CORRECT
46.668224,0,0,CORRECT
32.51522,0,0,CORRECT
54.613884,0,1,WRONG
44.80214,0,0,CORRECT
39.587227,0,0,CORRECT
62.380833,1,1,CORRECT
50.953518,0,1,WRONG
47.477795,0,0,CORRECT
48.93262,1,0,WRONG
54.46506,1,1,CORRECT
64.16987,0,1,WRONG
72.61874,1,1,CORRECT
64.2629,1,1,CORRECT
60.46413,1,1,CORRECT
87.60526,1,1,CORRECT
94.0745,1,1,CORRECT
81.55904,1,1,CORRECT
65.52158,1,1,CORRECT
60.035313,0,1,WRONG
41.930992,0,0,CORRECT
45.063602,1,0,WRONG
73.34751,1,1,CORRECT
7.219775,0,0,CORRECT
7.0275745,0,0,CORRECT
16.312702,0,0,CORRECT
79.68269,1,1,CORRECT
14.069812,0,0,CORRECT
21.018713,1,0,WRONG
27.82977,0,0,CORRECT
16.331863,0,0,CORRECT
23.75776,0,0,CORRECT
77.67575,1,1,CORRECT
25.308727,0,0,CORRECT
78.409836,1,1,CORRECT
82.43809,1,1,CORRECT
38.775795,1,0,WRONG
53.555077,0,1,WRONG
39.56911,1,0,WRONG
93.4346,1,1,CORRECT
95.87622,1,1,CORRECT
6.723815,0,0,CORRECT
8.814882,0,0,CORRECT
11.193776,0,0,CORRECT
18.288527,0,0,CORRECT
75.326324,1,1,CORRECT
80.31159,1,1,CORRECT
18.934227,0,0,CORRECT
69.66573,1,1,CORRECT
21.578655,0,0,CORRECT
77.0391,1,1,CORRECT
28.000006,0,0,CORRECT
21.7252,0,0,CORRECT
84.47764,1,1,CORRECT
77.22202,0,1,WRONG
67.40438,0,1,WRONG
34.270374,1,0,WRONG
22.302675,0,0,CORRECT
75.16105,1,1,CORRECT
66.906075,0,1,WRONG
41.86804,0,0,CORRECT
79.304405,1,1,CORRECT
31.617052,0,0,CORRECT
61.315746,1,1,CORRECT
46.734936,1,0,WRONG
64.388565,1,1,CORRECT
47.177032,1,0,WRONG
43.231575,0,0,CORRECT
34.54811,0,0,CORRECT
50.645126,0,1,WRONG
52.766758,1,1,CORRECT
4.8210206,0,0,CORRECT
92.6218,1,1,CORRECT
92.90021,1,1,CORRECT
92.66247,1,1,CORRECT
10.799699,0,0,CORRECT
15.340126,0,0,CORRECT
14.085481,0,0,CORRECT
84.46919,1,1,CORRECT
21.187809,0,0,CORRECT
19.607517,0,0,CORRECT
75.877975,1,1,CORRECT
21.730762,0,0,CORRECT
77.80602,1,1,CORRECT
22.244722,0,0,CORRECT
73.71212,1,1,CORRECT
68.316765,0,1,WRONG
27.47562,1,0,WRONG
73.5457,1,1,CORRECT
23.894247,0,0,CORRECT
75.5372,1,1,CORRECT
68.89455,1,1,CORRECT
26.17657,1,0,WRONG
69.07969,1,1,CORRECT
27.351442,1,0,WRONG
24.75062,0,0,CORRECT
68.69091,1,1,CORRECT
70.9551,1,1,CORRECT
65.15187,1,1,CORRECT
46.966816,1,0,WRONG
30.385498,0,0,CORRECT
78.80613,1,1,CORRECT
53.073017,0,1,WRONG
45.049538,1,0,WRONG
45.665916,0,0,CORRECT
38.12009,0,0,CORRECT
38.856228,0,0,CORRECT
33.509007,0,0,CORRECT
69.12334,0,1,WRONG
44.02419,1,0,WRONG
65.233574,0,1,WRONG
67.48689,0,1,WRONG
54.37582,1,1,CORRECT
61.764866,0,1,WRONG
36.212906,1,0,WRONG
71.56278,0,1,WRONG
61.722244,0,1,WRONG
55.74025,1,1,CORRECT
28.54496,0,0,CORRECT
58.849644,0,1,WRONG
59.47361,1,1,CORRECT
43.65746,1,0,WRONG
51.137398,0,1,WRONG
42.522297,1,0,WRONG
59.9813,1,1,CORRECT
40.47774,0,0,CORRECT
68.823685,0,1,WRONG
54.751373,1,1,CORRECT
46.280277,0,0,CORRECT
43.094982,1,0,WRONG
40.877254,0,0,CORRECT
42.091797,1,0,WRONG
39.076595,0,0,CORRECT
46.594532,1,0,WRONG
39.494778,0,0,CORRECT
30.797295,0,0,CORRECT
58.25957,1,1,CORRECT
48.490562,0,0,CORRECT
83.46645,1,1,CORRECT
75.147575,1,1,CORRECT
30.648643,0,0,CORRECT
57.141335,0,1,WRONG
80.160675,1,1,CORRECT
56.80192,0,1,WRONG
32.342697,0,0,CORRECT
28.815123,1,0,WRONG
67.41465,1,1,CORRECT
28.493511,1,0,WRONG
31.713057,0,0,CORRECT
69.58275,1,1,CORRECT
55.369545,1,1,CORRECT
68.229485,0,1,WRONG
40.1569,0,0,CORRECT
62.261955,0,1,WRONG
31.396107,0,0,CORRECT
35.246662,0,0,CORRECT
51.192856,1,1,CORRECT
53.86908,1,1,CORRECT
76.10463,1,1,CORRECT
44.843014,0,0,CORRECT
61.187447,1,1,CORRECT
38.26451,0,0,CORRECT
59.960354,1,1,CORRECT
37.213898,1,0,WRONG
42.18096,1,0,WRONG
54.05529,0,1,WRONG
35.872112,1,0,WRONG
46.746094,0,0,CORRECT
43.532375,0,0,CORRECT
43.140434,0,0,CORRECT
67.759544,1,1,CORRECT
41.387775,0,0,CORRECT
58.932964,1,1,CORRECT
22.340393,0,0,CORRECT
45.015686,0,0,CORRECT
21.354904,1,0,WRONG
42.33476,1,0,WRONG
53.81151,0,1,WRONG
46.55475,0,0,CORRECT
59.643047,1,1,CORRECT
44.297703,0,0,CORRECT
44.097675,0,0,CORRECT
58.88834,1,1,CORRECT
39.511776,1,0,WRONG
66.842804,0,1,WRONG
60.595478,0,1,WRONG
57.529186,1,1,CORRECT
54.13888,1,1,CORRECT
66.355156,1,1,CORRECT
8.317029,0,0,CORRECT
36.095524,1,0,WRONG
92.00667,1,1,CORRECT
50.530357,1,1,CORRECT
77.55553,1,1,CORRECT
85.01688,1,1,CORRECT
91.77542,1,1,CORRECT
23.391577,1,0,WRONG
13.782217,1,0,WRONG
31.761002,1,0,WRONG
17.796783,0,0,CORRECT
50.317467,1,1,CORRECT
37.911247,0,0,CORRECT
88.093254,1,1,CORRECT
88.42698,1,1,CORRECT
51.241787,0,1,WRONG
54.58675,0,1,WRONG
14.663495,0,0,CORRECT
86.37374,1,1,CORRECT
54.164314,1,1,CORRECT
46.887474,0,0,CORRECT
23.038862,0,0,CORRECT
19.39063,0,0,CORRECT
62.521587,1,1,CORRECT
50.801373,1,1,CORRECT
80.28527,0,1,WRONG
67.13604,0,1,WRONG
49.88098,1,0,WRONG
51.14259,0,1,WRONG
93.14813,1,1,CORRECT
31.847017,0,0,CORRECT
39.286404,0,0,CORRECT
57.478653,1,1,CORRECT
60.449177,1,1,CORRECT
73.146805,1,1,CORRECT
24.650732,1,0,WRONG
71.6073,1,1,CORRECT
87.0959,0,1,WRONG
57.83191,1,1,CORRECT
60.022118,0,1,WRONG
65.73162,0,1,WRONG
63.198555,1,1,CORRECT
80.488625,1,1,CORRECT
37.363712,1,0,WRONG
39.100964,0,0,CORRECT
85.339485,1,1,CORRECT
49.32147,1,0,WRONG
41.77052,0,0,CORRECT
39.686375,0,0,CORRECT
59.880085,1,1,CORRECT
48.38228,0,0,CORRECT
32.295113,1,0,WRONG
32.60566,1,0,WRONG
69.35631,0,1,WRONG
36.94742,1,0,WRONG
32.685947,1,0,WRONG
76.260376,1,1,CORRECT
74.812294,0,1,WRONG
71.327156,0,1,WRONG
54.804684,1,1,CORRECT
25.819365,1,0,WRONG
34.88921,0,0,CORRECT
31.227049,0,0,CORRECT
56.31615,1,1,CORRECT
15.885912,1,0,WRONG
51.597363,0,1,WRONG
31.90591,0,0,CORRECT
59.84498,1,1,CORRECT
76.08401,1,1,CORRECT
65.11992,0,1,WRONG
60.61638,0,1,WRONG
57.400555,0,1,WRONG
60.444283,1,1,CORRECT
64.65804,1,1,CORRECT
45.62478,0,0,CORRECT
73.48738,0,1,WRONG
49.70575,1,0,WRONG
66.69088,0,1,WRONG
49.21445,1,0,WRONG
51.75783,0,1,WRONG
47.843227,0,0,CORRECT
55.61961,1,1,CORRECT
61.588444,0,1,WRONG
55.262,1,1,CORRECT
59.182686,1,1,CORRECT
62.739517,1,1,CORRECT
31.399403,0,0,CORRECT
44.6548,1,0,WRONG
18.945206,0,0,CORRECT
76.82712,1,1,CORRECT
54.8503,1,1,CORRECT
18.095898,0,0,CORRECT
39.500988,1,0,WRONG
59.354008,0,1,WRONG
41.891983,0,0,CORRECT
77.16684,1,1,CORRECT
68.83623,0,1,WRONG
32.6921,1,0,WRONG
28.79605,0,0,CORRECT
61.8908,1,1,CORRECT
58.08113,0,1,WRONG
59.0968,0,1,WRONG
51.640522,0,1,WRONG
37.909607,1,0,WRONG
25.126156,1,0,WRONG
64.71936,0,1,WRONG
53.892876,1,1,CORRECT
42.920887,0,0,CORRECT
41.857082,1,0,WRONG
55.589027,1,1,CORRECT
60.11202,0,1,WRONG
40.180397,1,0,WRONG
68.74969,1,1,CORRECT
68.360466,1,1,CORRECT
41.168102,1,0,WRONG
94.81486,1,1,CORRECT
54.275913,1,1,CORRECT
45.428192,0,0,CORRECT
32.268833,0,0,CORRECT
23.667036,1,0,WRONG
68.40382,1,1,CORRECT
41.91037,1,0,WRONG
18.856043,0,0,CORRECT
74.35519,1,1,CORRECT
52.354725,1,1,CORRECT
45.242004,0,0,CORRECT
45.633522,1,0,WRONG
71.75277,1,1,CORRECT
51.8003,1,1,CORRECT
53.258823,0,1,WRONG
11.145491,0,0,CORRECT
5.627842,0,0,CORRECT
43.858955,1,0,WRONG
42.729343,0,0,CORRECT
51.44948,1,1,CORRECT
31.79059,1,0,WRONG
55.5059,1,1,CORRECT
55.663525,1,1,CORRECT
70.59214,1,1,CORRECT
71.793236,1,1,CORRECT
42.035637,1,0,WRONG
55.610878,0,1,WRONG
32.1337,0,0,CORRECT
43.090237,1,0,WRONG
46.59815,1,0,WRONG
53.20891,0,1,WRONG
82.85885,1,1,CORRECT
84.64178,0,1,WRONG
54.83104,0,1,WRONG
31.901995,0,0,CORRECT
69.81459,1,1,CORRECT
34.397644,1,0,WRONG
57.586884,0,1,WRONG
46.832973,0,0,CORRECT
79.230865,1,1,CORRECT
77.47341,1,1,CORRECT
30.9962,0,0,CORRECT
58.69911,1,1,CORRECT
65.828964,1,1,CORRECT
24.85694,0,0,CORRECT
53.220005,1,1,CORRECT
68.63881,1,1,CORRECT
88.87847,1,1,CORRECT
15.783918,0,0,CORRECT
67.401,1,1,CORRECT
36.922256,0,0,CORRECT
55.059986,0,1,WRONG
72.53845,0,1,WRONG
68.52373,0,1,WRONG
44.797283,0,0,CORRECT
19.329123,0,0,CORRECT
82.175865,1,1,CORRECT
66.5705,1,1,CORRECT
68.462395,0,1,WRONG
70.22583,1,1,CORRECT
63.714695,1,1,CORRECT
57.80111,1,1,CORRECT
49.447884,1,0,WRONG
91.027954,1,1,CORRECT
93.30672,1,1,CORRECT
61.055397,0,1,WRONG
43.27231,1,0,WRONG
20.794157,0,0,CORRECT
17.748646,0,0,CORRECT
60.415287,1,1,CORRECT
47.966965,1,0,WRONG
89.15167,1,1,CORRECT
91.1073,1,1,CORRECT
35.189007,0,0,CORRECT
43.856323,1,0,WRONG
22.693209,0,0,CORRECT
17.560604,0,0,CORRECT
28.116264,0,0,CORRECT
62.364937,0,1,WRONG
19.771896,1,0,WRONG
55.605877,0,1,WRONG
55.43307,1,1,CORRECT
59.91857,1,1,CORRECT
80.33921,0,1,WRONG
76.7667,1,1,CORRECT
33.13536,0,0,CORRECT
39.856384,1,0,WRONG
87.38094,1,1,CORRECT
22.02582,1,0,WRONG
46.63363,1,0,WRONG
63.73362,0,1,WRONG
19.648891,0,0,CORRECT
73.75696,1,1,CORRECT
75.96909,0,1,WRONG
43.999844,1,0,WRONG
7.077426,0,0,CORRECT
93.033455,1,1,CORRECT
20.967371,0,0,CORRECT
27.845154,0,0,CORRECT
84.10397,1,1,CORRECT
12.128638,0,0,CORRECT
26.025713,0,0,CORRECT
35.82941,0,0,CORRECT
52.39501,0,1,WRONG
72.569244,1,1,CORRECT
43.343403,0,0,CORRECT
59.529804,1,1,CORRECT
14.440021,0,0,CORRECT
45.2311,0,0,CORRECT
84.161964,1,1,CORRECT
79.85062,1,1,CORRECT
86.72651,1,1,CORRECT
17.224243,0,0,CORRECT
35.7641,0,0,CORRECT
77.04489,1,1,CORRECT
77.015495,1,1,CORRECT
62.207924,1,1,CORRECT
32.826797,1,0,WRONG
72.19899,1,1,CORRECT
20.85712,0,0,CORRECT
54.249435,0,1,WRONG
28.50043,0,0,CORRECT
31.343216,1,0,WRONG
31.644245,0,0,CORRECT
41.768772,0,0,CORRECT
15.395718,0,0,CORRECT
44.599716,1,0,WRONG
37.574406,0,0,CORRECT
80.025444,0,1,WRONG
68.96163,0,1,WRONG
18.49338,0,0,CORRECT
27.240866,1,0,WRONG
43.29873,1,0,WRONG
54.61575,0,1,WRONG
81.68418,1,1,CORRECT
47.06251,0,0,CORRECT
24.182869,0,0,CORRECT
59.140755,1,1,CORRECT
38.47068,0,0,CORRECT
65.54669,1,1,CORRECT
42.636406,1,0,WRONG
18.07788,1,0,WRONG
55.241932,1,1,CORRECT
52.77603,0,1,WRONG
53.94288,0,1,WRONG
49.03599,0,0,CORRECT
52.38907,0,1,WRONG
43.28422,0,0,CORRECT
62.337196,1,1,CORRECT
43.55126,0,0,CORRECT
51.40932,1,1,CORRECT
42.89296,0,0,CORRECT
47.76661,0,0,CORRECT
48.67769,1,0,WRONG
14.606317,1,0,WRONG
89.1569,1,1,CORRECT
43.147053,1,0,WRONG
12.864367,0,0,CORRECT
57.217014,0,1,WRONG
58.14046,1,1,CORRECT
57.136787,0,1,WRONG
8.39605,0,0,CORRECT
52.41621,1,1,CORRECT
30.88958,0,0,CORRECT
67.13922,1,1,CORRECT
39.695705,0,0,CORRECT
30.101448,0,0,CORRECT
32.838207,0,0,CORRECT
21.133942,0,0,CORRECT
92.04607,1,1,CORRECT
41.724705,1,0,WRONG
58.02372,1,1,CORRECT
60.37068,1,1,CORRECT
34.55626,0,0,CORRECT
62.139927,1,1,CORRECT
69.79815,0,1,WRONG
57.379387,0,1,WRONG
71.532845,1,1,CORRECT
34.470486,0,0,CORRECT
43.086414,0,0,CORRECT
30.454025,0,0,CORRECT
65.39166,1,1,CORRECT
50.588272,1,1,CORRECT
69.833145,0,1,WRONG
67.502884,1,1,CORRECT
69.43167,1,1,CORRECT
59.89363,1,1,CORRECT
62.91492,0,1,WRONG
44.209423,1,0,WRONG
33.00207,0,0,CORRECT
24.97752,1,0,WRONG
44.703655,1,0,WRONG
83.40982,0,1,WRONG
37.12079,0,0,CORRECT
74.43809,0,1,WRONG
36.667297,0,0,CORRECT
22.920229,1,0,WRONG
62.6882,1,1,CORRECT
40.40019,1,0,WRONG
18.027225,1,0,WRONG
53.033882,1,1,CORRECT
59.759476,0,1,WRONG
50.474693,1,1,CORRECT
60.415066,0,1,WRONG
57.527405,0,1,WRONG
65.79085,1,1,CORRECT
33.78847,0,0,CORRECT
43.076023,1,0,WRONG
36.658543,0,0,CORRECT
40.587864,0,0,CORRECT
54.380653,0,1,WRONG
47.216022,0,0,CORRECT
49.863106,0,0,CORRECT
71.35794,1,1,CORRECT
61.25602,1,1,CORRECT
40.93229,1,0,WRONG
44.973515,0,0,CORRECT
57.444946,0,1,WRONG
64.0015,1,1,CORRECT
25.34842,1,0,WRONG
50.170696,1,1,CORRECT
65.19101,1,1,CORRECT
44.91804,1,0,WRONG
70.63772,1,1,CORRECT
62.800438,1,1,CORRECT
31.567148,1,0,WRONG
34.03534,0,0,CORRECT
63.50495,0,1,WRONG
54.976105,1,1,CORRECT
47.182095,1,0,WRONG
46.84723,0,0,CORRECT
57.84096,1,1,CORRECT
36.99196,0,0,CORRECT
40.00338,0,0,CORRECT
47.3719,1,0,WRONG
53.787254,0,1,WRONG
65.774956,1,1,CORRECT
63.25898,0,1,WRONG
58.32141,0,1,WRONG
59.31992,0,1,WRONG
41.07862,0,0,CORRECT
40.49917,1,0,WRONG
47.002117,1,0,WRONG
52.180897,0,1,WRONG
31.265297,1,0,WRONG
36.559486,0,0,CORRECT
21.84144,1,0,WRONG
60.28385,1,1,CORRECT
38.30061,0,0,CORRECT
28.70026,0,0,CORRECT
49.154728,1,0,WRONG
31.569695,0,0,CORRECT
46.12846,0,0,CORRECT
62.51187,0,1,WRONG
31.609133,0,0,CORRECT
48.158035,1,0,WRONG
44.040936,0,0,CORRECT
56.50795,0,1,WRONG
36.734943,1,0,WRONG
40.260048,0,0,CORRECT
62.059097,0,1,WRONG
48.29468,0,0,CORRECT
49.2414,1,0,WRONG
57.68813,0,1,WRONG
59.31971,1,1,CORRECT
58.778336,0,1,WRONG
53.73984,1,1,CORRECT
47.24839,0,0,CORRECT
65.04016,1,1,CORRECT
70.64153,0,1,WRONG
39.50937,1,0,WRONG
61.327217,0,1,WRONG
35.182796,0,0,CORRECT
26.782125,0,0,CORRECT
49.52433,0,0,CORRECT
39.51655,0,0,CORRECT
58.13908,1,1,CORRECT
51.089436,0,1,WRONG
48.001297,1,0,WRONG
54.90661,1,1,CORRECT
63.966812,0,1,WRONG
60.441387,1,1,CORRECT
43.491043,1,0,WRONG
57.586987,1,1,CORRECT
46.79085,0,0,CORRECT
54.271286,1,1,CORRECT
53.37693,0,1,WRONG
40.476467,0,0,CORRECT
58.398308,1,1,CORRECT
40.86582,1,0,WRONG
67.50439,0,1,WRONG
37.687447,0,0,CORRECT
46.519573,0,0,CORRECT
35.619724,1,0,WRONG
71.7553,0,1,WRONG
71.01392,1,1,CORRECT
23.028858,0,0,CORRECT
40.704052,0,0,CORRECT
65.37103,1,1,CORRECT
28.666151,0,0,CORRECT
81.10138,1,1,CORRECT
36.198513,0,0,CORRECT
27.353945,0,0,CORRECT
59.59725,1,1,CORRECT
38.27928,1,0,WRONG
53.18555,0,1,WRONG
39.890697,1,0,WRONG
21.774527,0,0,CORRECT
38.054256,0,0,CORRECT
52.791065,1,1,CORRECT
32.92369,1,0,WRONG
46.220608,0,0,CORRECT
31.987398,0,0,CORRECT
66.50613,0,1,WRONG
66.5283,1,1,CORRECT
43.326645,1,0,WRONG
56.76488,0,1,WRONG
44.670532,1,0,WRONG
38.630527,0,0,CORRECT
42.538025,0,0,CORRECT
61.39887,1,1,CORRECT
54.966717,1,1,CORRECT
70.46682,0,1,WRONG
27.703941,1,0,WRONG
59.614765,1,1,CORRECT
48.207466,0,0,CORRECT
18.585148,0,0,CORRECT
18.696238,0,0,CORRECT
35.417843,0,0,CORRECT
70.02146,1,1,CORRECT
47.89367,1,0,WRONG
48.764412,1,0,WRONG
31.036356,0,0,CORRECT
35.39451,1,0,WRONG
24.687239,0,0,CORRECT
15.792386,0,0,CORRECT
47.2145,1,0,WRONG
53.34466,0,1,WRONG
68.66224,1,1,CORRECT
24.080883,0,0,CORRECT
50.469296,0,1,WRONG
39.73085,0,0,CORRECT
28.916445,0,0,CORRECT
70.679886,1,1,CORRECT
65.42133,1,1,CORRECT
60.335667,1,1,CORRECT
21.578918,1,0,WRONG
37.892204,1,0,WRONG
63.59931,1,1,CORRECT
39.30991,0,0,CORRECT
82.85618,1,1,CORRECT
45.70439,1,0,WRONG
64.59205,1,1,CORRECT
51.514236,0,1,WRONG
48.137154,0,0,CORRECT
51.895393,0,1,WRONG
55.28397,0,1,WRONG
46.856495,0,0,CORRECT
41.019897,1,0,WRONG
33.99753,1,0,WRONG
43.898663,1,0,WRONG
50.839077,0,1,WRONG
38.280415,1,0,WRONG
46.205807,1,0,WRONG
55.141716,0,1,WRONG
51.057022,0,1,WRONG
33.01952,1,0,WRONG
59.39139,0,1,WRONG
36.228813,0,0,CORRECT
36.848755,1,0,WRONG
28.112066,0,0,CORRECT
60.1939,0,1,WRONG
69.973495,1,1,CORRECT
80.84023,1,1,CORRECT
9.171562,0,0,CORRECT
52.0653,1,1,CORRECT
31.121311,1,0,WRONG
32.873142,1,0,WRONG
66.918686,1,1,CORRECT
45.847504,0,0,CORRECT
16.924383,0,0,CORRECT
33.428177,0,0,CORRECT
82.09372,1,1,CORRECT
71.097145,0,1,WRONG
73.02817,1,1,CORRECT
67.53814,1,1,CORRECT
34.45733,0,0,CORRECT
53.33213,0,1,WRONG
24.021976,0,0,CORRECT
9.513022,0,0,CORRECT
50.468826,1,1,CORRECT
46.508232,0,0,CORRECT
30.574554,0,0,CORRECT
26.861439,1,0,WRONG
37.02096,0,0,CORRECT
95.326584,1,1,CORRECT
7.5453973,0,0,CORRECT
34.297146,1,0,WRONG
21.65342,0,0,CORRECT
19.317614,0,0,CORRECT
12.609652,0,0,CORRECT
70.07709,1,1,CORRECT
35.563896,0,0,CORRECT
32.8785,0,0,CORRECT
14.294884,0,0,CORRECT
35.769787,1,0,WRONG
23.741055,0,0,CORRECT
11.059495,0,0,CORRECT
39.85378,0,0,CORRECT
23.377974,0,0,CORRECT
35.807907,1,0,WRONG
12.931154,0,0,CORRECT
8.328424,0,0,CORRECT
59.0307,1,1,CORRECT
89.39361,1,1,CORRECT
55.67075,0,1,WRONG
30.264244,0,0,CORRECT
23.90163,1,0,WRONG
22.017197,0,0,CORRECT
7.722427,0,0,CORRECT
32.409065,0,0,CORRECT
25.170082,1,0,WRONG
38.755028,1,0,WRONG
30.366135,0,0,CORRECT
75.58997,1,1,CORRECT
82.02069,1,1,CORRECT
48.917713,1,0,WRONG
44.738216,0,0,CORRECT
79.05962,0,1,WRONG
23.697666,0,0,CORRECT
70.03172,0,1,WRONG
26.837885,1,0,WRONG
22.367563,0,0,CORRECT
80.17465,0,1,WRONG
23.779142,1,0,WRONG
12.770212,0,0,CORRECT
20.737467,0,0,CORRECT
49.510624,1,0,WRONG
76.15678,0,1,WRONG
75.53533,0,1,WRONG
17.33022,0,0,CORRECT
60.350163,0,1,WRONG
72.104385,1,1,CORRECT
94.087975,1,1,CORRECT
31.487959,0,0,CORRECT
74.87033,0,1,WRONG
72.8041,1,1,CORRECT
12.775925,1,0,WRONG
40.025547,1,0,WRONG
31.232162,1,0,WRONG
88.11453,0,1,WRONG
19.7266,0,0,CORRECT
22.34122,1,0,WRONG
37.575687,1,0,WRONG
16.266212,0,0,CORRECT
17.794228,0,0,CORRECT
57.18026,0,1,WRONG
84.874985,1,1,CORRECT
83.963295,1,1,CORRECT
38.11646,1,0,WRONG
56.629807,0,1,WRONG
43.764618,0,0,CORRECT
30.458488,0,0,CORRECT
58.11932,1,1,CORRECT
53.320675,0,1,WRONG
58.77622,1,1,CORRECT
65.29227,1,1,CORRECT
71.330315,1,1,CORRECT
42.71916,0,0,CORRECT
48.058598,0,0,CORRECT
76.22618,0,1,WRONG
55.91333,1,1,CORRECT
42.673317,1,0,WRONG
35.108707,0,0,CORRECT
37.795166,1,0,WRONG
44.97964,1,0,WRONG
58.10731,0,1,WRONG
39.371986,1,0,WRONG
84.110466,1,1,CORRECT
70.67003,1,1,CORRECT
76.35762,1,1,CORRECT
75.33235,0,1,WRONG
43.45855,1,0,WRONG
86.96587,1,1,CORRECT
55.973087,1,1,CORRECT
37.8664,1,0,WRONG
32.680016,0,0,CORRECT
67.28119,1,1,CORRECT
71.28247,0,1,WRONG
38.675835,0,0,CORRECT
88.98477,1,1,CORRECT
19.108204,0,0,CORRECT
93.57587,1,1,CORRECT
72.14114,1,1,CORRECT
24.88768,0,0,CORRECT
49.749866,1,0,WRONG
55.264843,0,1,WRONG
32.54742,0,0,CORRECT
6.804724,0,0,CORRECT
60.03886,0,1,WRONG
36.338104,1,0,WRONG
20.308678,0,0,CORRECT
78.115036,1,1,CORRECT
71.106705,0,1,WRONG
66.485886,1,1,CORRECT
23.118587,1,0,WRONG
79.81094,1,1,CORRECT
47.645905,0,0,CORRECT
58.818127,0,1,WRONG
81.36658,0,1,WRONG
36.851967,1,0,WRONG
67.25841,0,1,WRONG
33.719193,0,0,CORRECT
11.727145,1,0,WRONG
49.167656,1,0,WRONG
63.69609,1,1,CORRECT
33.507313,1,0,WRONG
74.09252,0,1,WRONG
21.861412,0,0,CORRECT
46.541428,1,0,WRONG
43.45836,0,0,CORRECT
59.74285,0,1,WRONG
85.5668,0,1,WRONG
82.97426,1,1,CORRECT
50.656597,0,1,WRONG
39.869602,0,0,CORRECT
53.130795,0,1,WRONG
54.165287,0,1,WRONG
66.437996,0,1,WRONG
40.16754,0,0,CORRECT
58.946957,1,1,CORRECT
47.267963,0,0,CORRECT
71.93961,1,1,CORRECT
29.553059,0,0,CORRECT
72.216385,1,1,CORRECT
32.481472,0,0,CORRECT
46.23801,0,0,CORRECT
39.245552,1,0,WRONG
56.790005,0,1,WRONG
61.378765,1,1,CORRECT
26.799948,0,0,CORRECT
60.924904,0,1,WRONG
50.392498,1,1,CORRECT
57.579445,0,1,WRONG
35.79812,0,0,CORRECT
45.28308,0,0,CORRECT
62.17197,0,1,WRONG
59.340233,1,1,CORRECT
49.754757,1,0,WRONG
60.67596,0,1,WRONG
35.740097,1,0,WRONG
38.686485,0,0,CORRECT
41.79454,1,0,WRONG
27.427423,1,0,WRONG
45.832077,0,0,CORRECT
58.993427,1,1,CORRECT
68.28059,0,1,WRONG
30.975246,1,0,WRONG
55.2052,1,1,CORRECT
35.362507,0,0,CORRECT
56.98955,0,1,WRONG
40.103065,1,0,WRONG
66.60027,0,1,WRONG
71.05722,0,1,WRONG
43.44793,1,0,WRONG
34.097557,1,0,WRONG
37.714058,0,0,CORRECT
55.167114,0,1,WRONG
44.7303,0,0,CORRECT
52.434254,0,1,WRONG
53.252228,0,1,WRONG
67.046616,1,1,CORRECT
45.349953,1,0,WRONG
51.19893,0,1,WRONG
60.095215,1,1,CORRECT
42.967102,1,0,WRONG
40.86857,0,0,CORRECT
56.19983,1,1,CORRECT
49.012997,1,0,WRONG
48.329372,1,0,WRONG
64.91069,1,1,CORRECT
38.634403,0,0,CORRECT
50.328754,0,1,WRONG
52.14314,0,1,WRONG
35.933487,0,0,CORRECT
94.918884,1,1,CORRECT
25.278532,0,0,CORRECT
62.764668,1,1,CORRECT
29.066149,1,0,WRONG
73.458176,1,1,CORRECT
48.188744,1,0,WRONG
50.890816,0,1,WRONG
70.3622,1,1,CORRECT
80.092926,0,1,WRONG
65.206024,1,1,CORRECT
59.25664,0,1,WRONG
28.905806,1,0,WRONG
66.66272,1,1,CORRECT
44.789486,1,0,WRONG
64.323586,1,1,CORRECT
87.873795,1,1,CORRECT
92.75885,1,1,CORRECT
52.644913,1,1,CORRECT
45.921436,0,0,CORRECT
39.31797,0,0,CORRECT
71.17366,0,1,WRONG
58.466427,1,1,CORRECT
34.501064,0,0,CORRECT
24.007227,0,0,CORRECT
25.459122,0,0,CORRECT
52.876957,1,1,CORRECT
35.67913,0,0,CORRECT
19.58874,1,0,WRONG
30.50471,0,0,CORRECT
31.776535,0,0,CORRECT
86.35422,1,1,CORRECT
15.916877,0,0,CORRECT
34.66489,0,0,CORRECT
65.95576,1,1,CORRECT
62.589645,0,1,WRONG
24.776386,0,0,CORRECT
44.924995,0,0,CORRECT
29.082918,0,0,CORRECT
79.863785,1,1,CORRECT
29.457891,1,0,WRONG
65.71409,1,1,CORRECT
45.403744,0,0,CORRECT
19.766613,0,0,CORRECT
38.48421,0,0,CORRECT
49.564922,1,0,WRONG
48.03029,0,0,CORRECT
9.3603945,0,0,CORRECT
82.54498,1,1,CORRECT
41.994297,0,0,CORRECT
47.31503,1,0,WRONG
34.420784,0,0,CORRECT
53.18013,1,1,CORRECT
60.375713,1,1,CORRECT
51.59504,0,1,WRONG
83.49292,1,1,CORRECT
84.323235,1,1,CORRECT
55.87975,0,1,WRONG
56.140213,1,1,CORRECT
26.923824,0,0,CORRECT
19.853373,0,0,CORRECT
68.19411,1,1,CORRECT
65.2613,0,1,WRONG
10.226214,0,0,CORRECT
90.50634,1,1,CORRECT
49.53055,1,0,WRONG
72.188835,0,1,WRONG
78.63515,1,1,CORRECT
62.380646,1,1,CORRECT
67.08238,1,1,CORRECT
64.533,1,1,CORRECT
12.819241,0,0,CORRECT
90.15888,0,1,WRONG
31.049229,0,0,CORRECT
58.140778,0,1,WRONG
32.183952,1,0,WRONG
81.32858,1,1,CORRECT
25.607756,1,0,WRONG
60.858185,1,1,CORRECT
73.3264,0,1,WRONG
24.260353,0,0,CORRECT
50.000835,1,1,CORRECT
75.41279,0,1,WRONG
70.93094,1,1,CORRECT
37.624004,0,0,CORRECT
68.69198,1,1,CORRECT
47.764343,1,0,WRONG
9.2759495,0,0,CORRECT
16.763144,0,0,CORRECT
27.450022,0,0,CORRECT
41.045673,1,0,WRONG
76.460846,1,1,CORRECT
79.94548,1,1,CORRECT
29.683266,0,0,CORRECT
39.98404,0,0,CORRECT
89.1935,1,1,CORRECT
93.834595,1,1,CORRECT
19.237455,0,0,CORRECT
53.556442,1,1,CORRECT
79.88391,1,1,CORRECT
67.52762,1,1,CORRECT
65.34295,1,1,CORRECT
85.28961,1,1,CORRECT
44.77408,1,0,WRONG
19.044237,0,0,CORRECT
81.20388,1,1,CORRECT
33.13649,1,0,WRONG
83.30837,1,1,CORRECT
21.063734,0,0,CORRECT
25.955019,0,0,CORRECT
38.851444,1,0,WRONG
17.325062,1,0,WRONG
21.408249,0,0,CORRECT
81.71262,1,1,CORRECT
55.37882,1,1,CORRECT
70.2387,1,1,CORRECT
43.275253,1,0,WRONG
85.77515,1,1,CORRECT
42.123947,1,0,WRONG
42.888744,0,0,CORRECT
40.75449,0,0,CORRECT
64.167564,0,1,WRONG
66.29159,0,1,WRONG
59.165104,0,1,WRONG
86.48627,1,1,CORRECT
58.869022,1,1,CORRECT
75.05916,1,1,CORRECT
69.774025,0,1,WRONG
80.75264,1,1,CORRECT
58.2434,1,1,CORRECT
67.26974,1,1,CORRECT
61.567467,0,1,WRONG
24.325968,1,0,WRONG
36.12241,1,0,WRONG
24.887802,0,0,CORRECT
24.450487,0,0,CORRECT
28.226486,0,0,CORRECT
62.55096,1,1,CORRECT
65.86297,1,1,CORRECT
33.28575,1,0,WRONG
49.27675,0,0,CORRECT
43.72154,1,0,WRONG
38.725864,0,0,CORRECT
62.306137,0,1,WRONG
74.937996,1,1,CORRECT
62.5689,1,1,CORRECT
61.32515,0,1,WRONG
48.874294,0,0,CORRECT
63.753254,0,1,WRONG
47.754726,1,0,WRONG
43.02058,1,0,WRONG
30.81164,0,0,CORRECT
50.96518,1,1,CORRECT
59.230934,0,1,WRONG
75.152695,0,1,WRONG
22.475655,1,0,WRONG
63.210976,1,1,CORRECT
63.710445,1,1,CORRECT
57.084835,1,1,CORRECT
44.538113,0,0,CORRECT
61.47207,0,1,WRONG
83.65414,0,1,WRONG
25.010422,1,0,WRONG
67.06043,1,1,CORRECT
61.031437,1,1,CORRECT
38.890118,1,0,WRONG
28.256903,1,0,WRONG
39.104046,0,0,CORRECT
65.85722,0,1,WRONG
29.698065,1,0,WRONG
29.057938,0,0,CORRECT
59.052235,1,1,CORRECT
53.71473,1,1,CORRECT
45.54698,0,0,CORRECT
44.683662,1,0,WRONG
51.07138,1,1,CORRECT
67.6507,0,1,WRONG
44.910477,0,0,CORRECT
67.77797,1,1,CORRECT
52.356903,0,1,WRONG
65.61773,1,1,CORRECT
59.67207,1,1,CORRECT
65.243904,0,1,WRONG
25.816828,0,0,CORRECT
28.823202,0,0,CORRECT
36.0087,1,0,WRONG
32.980614,1,0,WRONG
70.229225,0,1,WRONG
36.22616,0,0,CORRECT
79.42613,1,1,CORRECT
49.916546,0,0,CORRECT
38.55874,1,0,WRONG
36.086445,0,0,CORRECT
84.90509,1,1,CORRECT
39.49045,1,0,WRONG
46.384327,0,0,CORRECT
47.28691,0,0,CORRECT
61.441444,0,1,WRONG
65.79948,0,1,WRONG
74.67962,1,1,CORRECT
31.815042,0,0,CORRECT
60.81402,1,1,CORRECT
36.504257,0,0,CORRECT
34.506332,0,0,CORRECT
75.001,0,1,WRONG
32.79384,1,0,WRONG
21.345537,0,0,CORRECT
70.62817,0,1,WRONG
72.74591,0,1,WRONG
33.5331,0,0,CORRECT
39.64117,0,0,CORRECT
35.64428,1,0,WRONG
80.44629,1,1,CORRECT
58.27765,1,1,CORRECT
73.95351,1,1,CORRECT
19.461485,0,0,CORRECT
41.89648,1,0,WRONG
47.9638,1,0,WRONG
53.75678,1,1,CORRECT
26.646019,1,0,WRONG
66.74173,0,1,WRONG
37.03868,1,0,WRONG
95.63915,1,1,CORRECT
55.34689,1,1,CORRECT
6.084819,0,0,CORRECT
79.84574,1,1,CORRECT
20.33264,0,0,CORRECT
84.0778,0,1,WRONG
4.7357154,0,0,CORRECT
83.926865,1,1,CORRECT
82.0372,1,1,CORRECT
81.91061,1,1,CORRECT
75.37705,0,1,WRONG
46.31113,0,0,CORRECT
36.591164,0,0,CORRECT
65.74291,1,1,CORRECT
7.732247,0,0,CORRECT
84.50042,1,1,CORRECT
17.651978,0,0,CORRECT
11.836736,0,0,CORRECT
73.15748,1,1,CORRECT
34.588696,0,0,CORRECT
49.7331,0,0,CORRECT
45.099304,1,0,WRONG
56.96093,0,1,WRONG
40.225525,0,0,CORRECT
57.2349,0,1,WRONG
54.655613,1,1,CORRECT
33.74941,0,0,CORRECT
53.22374,1,1,CORRECT
53.677387,0,1,WRONG
70.09084,1,1,CORRECT
66.845116,1,1,CORRECT
91.64888,1,1,CORRECT
44.221516,0,0,CORRECT
65.30049,1,1,CORRECT
82.66323,0,1,WRONG
79.92662,1,1,CORRECT
82.22592,1,1,CORRECT
13.176007,0,0,CORRECT
57.97935,1,1,CORRECT
87.88113,1,1,CORRECT
65.01921,0,1,WRONG
75.638756,0,1,WRONG
81.243286,1,1,CORRECT
41.355534,0,0,CORRECT
11.475067,1,0,WRONG
92.04903,1,1,CORRECT
73.496475,1,1,CORRECT
19.797659,0,0,CORRECT
18.976616,0,0,CORRECT
93.41765,1,1,CORRECT
28.400084,1,0,WRONG
59.98889,1,1,CORRECT
32.044178,0,0,CORRECT
52.395332,1,1,CORRECT
61.70202,1,1,CORRECT
72.383896,0,1,WRONG
70.86031,1,1,CORRECT
88.01445,1,1,CORRECT
33.16292,0,0,CORRECT
42.79982,1,0,WRONG
13.464377,0,0,CORRECT
4.7045903,0,0,CORRECT
36.41921,0,0,CORRECT
71.2721,0,1,WRONG
20.810171,0,0,CORRECT
15.377667,0,0,CORRECT
72.278114,0,1,WRONG
69.581436,1,1,CORRECT
85.94563,1,1,CORRECT
11.19794,0,0,CORRECT
21.059282,1,0,WRONG
62.92488,0,1,WRONG
74.94246,1,1,CORRECT
79.116745,1,1,CORRECT
66.33095,1,1,CORRECT
36.718678,0,0,CORRECT
16.616848,1,0,WRONG
16.819649,1,0,WRONG
37.988358,1,0,WRONG
64.68077,1,1,CORRECT
18.90035,0,0,CORRECT
82.093,1,1,CORRECT
64.833954,0,1,WRONG
78.05695,1,1,CORRECT
18.392307,0,0,CORRECT
84.96985,1,1,CORRECT
75.9278,0,1,WRONG
36.455017,0,0,CORRECT
30.100653,0,0,CORRECT
75.66059,0,1,WRONG
37.118156,1,0,WRONG
47.89466,1,0,WRONG
9.273538,0,0,CORRECT
38.285435,0,0,CORRECT
66.942696,1,1,CORRECT
47.92947,0,0,CORRECT
58.406616,0,1,WRONG
26.713266,1,0,WRONG
49.87983,1,0,WRONG
58.734627,0,1,WRONG
35.17324,0,0,CORRECT
36.18015,0,0,CORRECT
67.17987,0,1,WRONG
42.27396,0,0,CORRECT
65.56676,1,1,CORRECT
32.44609,1,0,WRONG
64.99294,1,1,CORRECT
47.14071,0,0,CORRECT
45.19944,1,0,WRONG
51.438206,0,1,WRONG
29.639965,0,0,CORRECT
55.94576,1,1,CORRECT
39.83486,1,0,WRONG
61.12427,0,1,WRONG
62.042473,1,1,CORRECT
75.48841,0,1,WRONG
59.878242,1,1,CORRECT
55.216522,0,1,WRONG
71.23543,0,1,WRONG
44.020836,0,0,CORRECT
61.872856,1,1,CORRECT
51.784195,1,1,CORRECT
68.34053,1,1,CORRECT
54.80905,1,1,CORRECT
47.562393,0,0,CORRECT
69.43641,1,1,CORRECT
29.23479,0,0,CORRECT
65.17769,0,1,WRONG
23.012373,1,0,WRONG
74.29231,1,1,CORRECT
57.93577,1,1,CORRECT
70.16232,0,1,WRONG
17.262169,0,0,CORRECT
51.86051,0,1,WRONG
70.62211,1,1,CORRECT
23.622427,1,0,WRONG
34.733086,0,0,CORRECT
47.42401,0,0,CORRECT
23.110407,0,0,CORRECT
64.45398,0,1,WRONG
49.389984,1,0,WRONG
54.815216,0,1,WRONG
47.239193,0,0,CORRECT
58.32226,1,1,CORRECT
22.393564,0,0,CORRECT
30.640432,1,0,WRONG
34.922478,0,0,CORRECT
60.909306,0,1,WRONG
50.42658,0,1,WRONG
49.750477,1,0,WRONG
35.10629,1,0,WRONG
50.815273,1,1,CORRECT
41.39522,0,0,CORRECT
79.89219,0,1,WRONG
72.08337,0,1,WRONG
54.25041,1,1,CORRECT
30.912971,1,0,WRONG
22.067991,0,0,CORRECT
34.7881,1,0,WRONG
75.527016,1,1,CORRECT
64.87013,0,1,WRONG
48.37237,0,0,CORRECT
64.719086,0,1,WRONG
33.220936,0,0,CORRECT
19.216255,0,0,CORRECT
41.050323,0,0,CORRECT
66.69986,1,1,CORRECT
32.94829,0,0,CORRECT
49.64177,0,0,CORRECT
48.767437,0,0,CORRECT
25.790432,0,0,CORRECT
46.284435,0,0,CORRECT
38.23419,0,0,CORRECT
47.917873,1,0,WRONG
36.02797,0,0,CORRECT
34.15357,0,0,CORRECT
61.88399,0,1,WRONG
44.764404,1,0,WRONG
84.35849,1,1,CORRECT
28.628323,0,0,CORRECT
14.317586,1,0,WRONG
25.729376,0,0,CORRECT
83.92556,1,1,CORRECT
26.832443,1,0,WRONG
17.485374,0,0,CORRECT
30.250723,1,0,WRONG
79.80246,1,1,CORRECT
56.610806,0,1,WRONG
25.34115,1,0,WRONG
17.94081,0,0,CORRECT
35.701855,0,0,CORRECT
76.791595,1,1,CORRECT
68.33108,1,1,CORRECT
41.313683,0,0,CORRECT
76.16118,0,1,WRONG
32.350803,1,0,WRONG
50.930508,1,1,CORRECT
74.357124,1,1,CORRECT
50.865112,0,1,WRONG
60.13179,0,1,WRONG
50.098396,1,1,CORRECT
55.471317,1,1,CORRECT
52.86271,0,1,WRONG
32.962086,0,0,CORRECT
34.484623,1,0,WRONG
43.57573,1,0,WRONG
27.890093,1,0,WRONG
35.56626,1,0,WRONG
59.340614,0,1,WRONG
25.521338,0,0,CORRECT
60.146244,1,1,CORRECT
64.76826,1,1,CORRECT
20.292715,0,0,CORRECT
78.37402,1,1,CORRECT
62.323826,1,1,CORRECT
25.542843,1,0,WRONG
15.693094,0,0,CORRECT
33.949978,1,0,WRONG
42.309223,1,0,WRONG
26.59671,0,0,CORRECT
19.172836,0,0,CORRECT
43.040894,1,0,WRONG
55.93006,1,1,CORRECT
32.49296,0,0,CORRECT
63.002037,0,1,WRONG
54.57306,0,1,WRONG
72.404686,1,1,CORRECT
19.757406,0,0,CORRECT
38.3764,1,0,WRONG
70.44957,0,1,WRONG
32.853622,0,0,CORRECT
41.35417,0,0,CORRECT
63.543236,1,1,CORRECT
57.253708,0,1,WRONG
76.921104,0,1,WRONG
42.652954,0,0,CORRECT
47.48073,0,0,CORRECT
36.775284,1,0,WRONG
70.91784,0,1,WRONG
54.129906,1,1,CORRECT
58.765568,1,1,CORRECT
25.203821,0,0,CORRECT
86.68828,1,1,CORRECT
30.333662,0,0,CORRECT
62.78449,0,1,WRONG
32.470787,0,0,CORRECT
65.064674,0,1,WRONG
41.891365,0,0,CORRECT
43.27174,0,0,CORRECT
67.75997,1,1,CORRECT
6.2907057,0,0,CORRECT
40.424675,1,0,WRONG
47.82227,0,0,CORRECT
68.73982,1,1,CORRECT
71.16185,1,1,CORRECT
36.63649,0,0,CORRECT
74.831894,1,1,CORRECT
18.895056,0,0,CORRECT
68.61067,1,1,CORRECT
65.90585,1,1,CORRECT
69.766655,1,1,CORRECT
67.15365,0,1,WRONG
57.203133,0,1,WRONG
45.05202,1,0,WRONG
61.601746,1,1,CORRECT
72.72117,1,1,CORRECT
73.14738,1,1,CORRECT
31.16313,0,0,CORRECT
47.17327,1,0,WRONG
50.267197,0,1,WRONG
63.983112,1,1,CORRECT
58.72026,0,1,WRONG
59.54017,1,1,CORRECT
79.123116,1,1,CORRECT
42.350327,0,0,CORRECT
72.11146,1,1,CORRECT
66.32654,1,1,CORRECT
75.45824,1,1,CORRECT
51.75327,1,1,CORRECT
61.289787,1,1,CORRECT
25.208838,1,0,WRONG
73.28193,0,1,WRONG
66.67689,1,1,CORRECT
76.82907,1,1,CORRECT
59.016846,0,1,WRONG
83.54052,1,1,CORRECT
35.336994,0,0,CORRECT
61.53064,1,1,CORRECT
29.074654,1,0,WRONG
68.03477,1,1,CORRECT
38.72106,1,0,WRONG
52.665054,1,1,CORRECT
71.65188,0,1,WRONG
29.675064,1,0,WRONG
54.541588,0,1,WRONG
28.727568,0,0,CORRECT
84.09595,1,1,CORRECT
70.66566,1,1,CORRECT
30.009493,0,0,CORRECT
67.95559,1,1,CORRECT
25.571865,0,0,CORRECT
38.18172,1,0,WRONG
34.80371,0,0,CORRECT
50.778793,0,1,WRONG
81.53258,1,1,CORRECT
32.714684,1,0,WRONG
76.19862,1,1,CORRECT
55.13914,1,1,CORRECT
66.794716,1,1,CORRECT
45.519825,0,0,CORRECT
33.806225,1,0,WRONG
65.6599,0,1,WRONG
56.69967,0,1,WRONG
72.46531,1,1,CORRECT
55.40779,1,1,CORRECT
47.60695,0,0,CORRECT
66.58883,1,1,CORRECT
24.532965,1,0,WRONG
36.612514,0,0,CORRECT
52.51984,0,1,WRONG
43.109295,0,0,CORRECT
41.489017,0,0,CORRECT
54.3247,1,1,CORRECT
63.425613,0,1,WRONG
34.35689,1,0,WRONG
28.22315,1,0,WRONG
72.306946,1,1,CORRECT
49.511276,1,0,WRONG
56.86048,0,1,WRONG
38.482277,0,0,CORRECT
61.61161,1,1,CORRECT
47.081257,1,0,WRONG
28.760878,1,0,WRONG
75.54478,1,1,CORRECT
50.20822,0,1,WRONG
60.49201,0,1,WRONG
59.622597,1,1,CORRECT
45.21403,1,0,WRONG
65.41788,0,1,WRONG
61.25715,1,1,CORRECT
65.11746,1,1,CORRECT
29.364073,1,0,WRONG
36.712334,0,0,CORRECT
56.50739,0,1,WRONG
65.82984,0,1,WRONG
35.181656,1,0,WRONG
42.015327,1,0,WRONG
54.28672,1,1,CORRECT
61.81947,0,1,WRONG
50.227715,1,1,CORRECT
28.560438,1,0,WRONG
78.48034,0,1,WRONG
49.326523,1,0,WRONG
36.21884,0,0,CORRECT
42.216675,1,0,WRONG
22.791943,0,0,CORRECT
55.577446,0,1,WRONG
40.971348,0,0,CORRECT
53.78282,1,1,CORRECT
27.422459,0,0,CORRECT
42.232395,0,0,CORRECT
40.601315,0,0,CORRECT
83.65324,0,1,WRONG
68.09903,1,1,CORRECT
53.08096,1,1,CORRECT
46.656116,0,0,CORRECT
49.833218,1,0,WRONG
67.96563,1,1,CORRECT
56.01639,1,1,CORRECT
31.627277,0,0,CORRECT
59.99652,0,1,WRONG
51.886414,1,1,CORRECT
69.06153,0,1,WRONG
35.434425,0,0,CORRECT
62.816643,0,1,WRONG
26.349562,0,0,CORRECT
72.38887,1,1,CORRECT
59.01444,0,1,WRONG
66.76996,1,1,CORRECT
69.74255,1,1,CORRECT
23.647678,0,0,CORRECT
50.282265,0,1,WRONG
51.989067,1,1,CORRECT
45.320736,0,0,CORRECT
52.337994,1,1,CORRECT
62.116634,1,1,CORRECT
63.01353,1,1,CORRECT
61.443794,0,1,WRONG
34.966297,0,0,CORRECT
47.634594,0,0,CORRECT
46.243217,1,0,WRONG
51.82974,1,1,CORRECT
29.486788,1,0,WRONG
63.66613,1,1,CORRECT
22.543463,1,0,WRONG
21.689453,1,0,WRONG
30.540094,1,0,WRONG
31.189663,1,0,WRONG
49.490772,0,0,CORRECT
43.417984,0,0,CORRECT
30.07366,0,0,CORRECT
68.63216,1,1,CORRECT
63.416832,0,1,WRONG
33.236168,1,0,WRONG
51.256245,0,1,WRONG
48.172043,0,0,CORRECT
52.153023,0,1,WRONG
68.48632,1,1,CORRECT
64.19265,0,1,WRONG
65.059975,1,1,CORRECT
62.610023,1,1,CORRECT
41.6124,0,0,CORRECT
44.25109,0,0,CORRECT
61.483997,1,1,CORRECT
59.660347,0,1,WRONG
58.58791,0,1,WRONG
34.2457,0,0,CORRECT
57.544537,0,1,WRONG
41.847443,0,0,CORRECT
25.17187,1,0,WRONG
37.30176,0,0,CORRECT
69.61975,0,1,WRONG
51.131992,1,1,CORRECT
65.74291,0,1,WRONG
82.60319,1,1,CORRECT
47.025047,0,0,CORRECT
54.37425,1,1,CORRECT
70.38114,0,1,WRONG
27.010494,0,0,CORRECT
44.352703,0,0,CORRECT
24.636755,1,0,WRONG
47.461163,0,0,CORRECT
47.347992,0,0,CORRECT
47.36579,1,0,WRONG
64.36695,1,1,CORRECT
37.338646,0,0,CORRECT
74.04071,0,1,WRONG
55.441135,0,1,WRONG
53.97541,0,1,WRONG
57.905663,0,1,WRONG
29.428318,0,0,CORRECT
65.05477,0,1,WRONG
54.156548,1,1,CORRECT
65.68449,1,1,CORRECT
74.437515,1,1,CORRECT
62.02839,1,1,CORRECT
44.8444,1,0,WRONG
20.787785,0,0,CORRECT
66.81779,1,1,CORRECT
55.456703,1,1,CORRECT
48.06321,1,0,WRONG
23.347296,0,0,CORRECT
36.7642,1,0,WRONG
54.6216,0,1,WRONG
47.320297,0,0,CORRECT
51.5989,1,1,CORRECT
54.005753,1,1,CORRECT
37.983444,1,0,WRONG
91.80934,1,1,CORRECT
36.09061,0,0,CORRECT
77.65885,1,1,CORRECT
35.52015,0,0,CORRECT
93.7598,1,1,CORRECT
61.946686,1,1,CORRECT
13.6549635,0,0,CORRECT
23.672226,1,0,WRONG
42.01289,0,0,CORRECT
21.16664,0,0,CORRECT
75.878716,0,1,WRONG
77.50204,0,1,WRONG
22.999418,0,0,CORRECT
69.77104,1,1,CORRECT
45.652214,1,0,WRONG
35.635246,0,0,CORRECT
42.250164,0,0,CORRECT
78.46591,0,1,WRONG
69.73085,1,1,CORRECT
30.876047,0,0,CORRECT
68.63317,1,1,CORRECT
41.356144,0,0,CORRECT
52.436584,0,1,WRONG
33.32364,0,0,CORRECT
39.715042,0,0,CORRECT
37.575607,1,0,WRONG
71.28942,1,1,CORRECT
61.65757,1,1,CORRECT
53.950108,0,1,WRONG
34.910995,1,0,WRONG
72.47067,1,1,CORRECT
67.76059,1,1,CORRECT
61.205006,0,1,WRONG
69.49202,1,1,CORRECT
34.442608,0,0,CORRECT
65.3877,0,1,WRONG
40.588467,1,0,WRONG
72.88288,0,1,WRONG
39.959408,0,0,CORRECT
51.765408,1,1,CORRECT
44.943394,0,0,CORRECT
67.41243,1,1,CORRECT
25.652636,0,0,CORRECT
37.478455,0,0,CORRECT
74.425705,1,1,CORRECT
83.62144,1,1,CORRECT
12.883535,0,0,CORRECT
33.551987,0,0,CORRECT
58.943493,1,1,CORRECT
58.943493,1,1,CORRECT
44.89134,1,0,WRONG
39.971935,0,0,CORRECT
49.382977,1,0,WRONG
56.943344,1,1,CORRECT
44.893887,1,0,WRONG
61.791855,1,1,CORRECT
51.511246,1,1,CORRECT
48.737324,1,0,WRONG
46.147373,0,0,CORRECT
66.456184,1,1,CORRECT
47.004093,1,0,WRONG
63.91131,1,1,CORRECT
75.43371,0,1,WRONG
35.16168,1,0,WRONG
61.132748,0,1,WRONG
14.28307,1,0,WRONG
14.467199,0,0,CORRECT
49.726826,1,0,WRONG
57.28868,0,1,WRONG
56.63449,1,1,CORRECT
51.53917,1,1,CORRECT
49.508183,1,0,WRONG
52.08821,0,1,WRONG
51.736416,1,1,CORRECT
67.42535,0,1,WRONG
61.016716,0,1,WRONG
51.944798,1,1,CORRECT
44.52968,0,0,CORRECT
47.41838,0,0,CORRECT
48.15327,0,0,CORRECT
48.492474,0,0,CORRECT
50.395985,1,1,CORRECT
51.164246,1,1,CORRECT
52.586235,0,1,WRONG
42.256706,1,0,WRONG
51.339767,1,1,CORRECT
85.05204,1,1,CORRECT
64.64616,1,1,CORRECT
74.01782,1,1,CORRECT
57.322712,0,1,WRONG
36.547676,0,0,CORRECT
44.7659,1,0,WRONG
40.467148,0,0,CORRECT
51.89422,1,1,CORRECT
50.622345,1,1,CORRECT
56.616665,0,1,WRONG
48.911533,0,0,CORRECT
56.651463,1,1,CORRECT
47.702324,1,0,WRONG
55.858475,1,1,CORRECT
54.482586,0,1,WRONG
13.991481,0,0,CORRECT
55.584465,0,1,WRONG
50.92,1,1,CORRECT
51.104702,1,1,CORRECT
11.9414015,0,0,CORRECT
47.755157,0,0,CORRECT
56.833755,0,1,WRONG
42.109486,1,0,WRONG
41.347374,1,0,WRONG
58.031387,0,1,WRONG
40.677624,1,0,WRONG
50.08089,1,1,CORRECT
51.186974,1,1,CORRECT
62.126003,1,1,CORRECT
54.616516,1,1,CORRECT
50.249054,0,1,WRONG
47.909943,0,0,CORRECT
42.708187,0,0,CORRECT
61.316635,0,1,WRONG
49.225815,1,0,WRONG
64.004166,1,1,CORRECT
57.163193,1,1,CORRECT
57.244366,1,1,CORRECT
47.786938,0,0,CORRECT
60.786648,1,1,CORRECT
44.75761,0,0,CORRECT
55.954712,0,1,WRONG
50.15585,1,1,CORRECT
57.501633,1,1,CORRECT
46.27359,1,0,WRONG
28.09766,1,0,WRONG
57.971638,1,1,CORRECT
54.860474,1,1,CORRECT
40.735878,0,0,CORRECT
60.556274,1,1,CORRECT
50.63571,0,1,WRONG
53.76243,1,1,CORRECT
46.44464,1,0,WRONG
43.61956,0,0,CORRECT
54.63778,0,1,WRONG
